contact_name,device_name,rssi,location,duration,date,contact
SM-G780FSP1A.210812.016,Lenovo TB-X505F,0,"- , -",3:04 min,2022-05-10 02:17:00,[B@1014f19
SM-G780FSP1A.210812.016,SM-G991B,-7,"55.72, 13.22",3:10 min,2022-05-11 03:29:00,[B@1051241
LIO-AL00HUAWEILIO-AL00,SM-G780F,0,"- , -",33 sec,2022-05-10 12:33:00,[B@11434fb
Lenovo TB-X505F,SM-A700H,-51,"- , -",47 sec,2022-05-09 04:17:00,[B@1153292
Galaxy S20 FE de Marie,SM-G991B,0,"- , -",36 sec,2022-05-09 02:01:00,[B@1164bee
Nokia 7.2,SM-G780F,0,"55.72, 13.21",13 sec,2022-05-09 09:38:00,[B@125ca19
SM-G991B,G8341,-33,"55.71, 13.23",53 sec,2022-05-09 03:08:00,[B@127b822
G834147.2.A.11.228,SM-G991B,0,"55.72, 13.22",25:39 min,2022-05-11 05:40:00,[B@12dd7e9
SM-G991B,SM-G780F,-96,"55.72, 13.21",13 sec,2022-05-09 10:06:00,[B@13599b6
Galaxy S20 FE de Marie,SM-G991B,0,"55.72, 13.21",1:40 min,2022-05-09 01:08:00,[B@1400e38
LIO-AL00HUAWEILIO-AL00,SM-A700H,0,"- , -",24 sec,2022-05-10 11:36:00,[B@1446706
SM-G991BSP1A.210812.016,SM-G780F,-72,"- , -",14 sec,2022-05-10 09:31:00,[B@14649a7
Lenovo TB-X505F,SM-G780F,0,"- , -",13 sec,2022-05-09 03:47:00,[B@148e179
LIO-AL00HUAWEILIO-AL00,SM-G780F,0,"- , -",1:28 min,2022-05-10 12:36:00,[B@151034c
SM-G991BSP1A.210812.016,SM-A700H,0,"- , -",32 sec,2022-05-10 12:55:00,[B@153d711
Lenovo TB-X505F,SM-G780F,0,"55.72, 13.22",24 sec,2022-05-03 01:34:00,[B@1559462
G834147.2.A.11.228,SM-G991B,-1,"55.72, 13.22",33 sec,2022-05-11 09:25:00,[B@15a7d57
LIO-AL00,G8341,-70,"55.71, 13.23",20 sec,2022-05-09 05:26:00,[B@160201d
SM-G991BSP1A.210812.016,G8341,0,"55.71, 13.23",28 sec,2022-05-10 10:32:00,[B@173ab1f
Lenovo TB-X505F,SM-G780F,0,"55.72, 13.21",2:18 min,2022-05-09 10:02:00,[B@178de93
Lenovo TB-X505F,SM-G780F,-25,"55.72, 13.22",1:09 min,2022-05-10 02:27:00,[B@1796af2
Nokia 7.2,SM-G780F,0,"- , -",3:10 min,2022-05-03 01:29:00,[B@17b418e
G8341,SM-G780F,0,"55.72, 13.21",25 sec,2022-05-09 02:00:00,[B@184d6a5
Nokia 7.2,SM-G780F,0,"55.72, 13.21",1:31:25 hours,2022-05-09 02:01:00,[B@18f9c5e
SM-G991BSP1A.210812.016,SM-G780F,-73,"55.72, 13.22",20 sec,2022-05-12 10:34:00,[B@193e31f
Lenovo TB-X505F,SM-G780F,0,"55.72, 13.22",33:48 min,2022-05-12 03:06:00,[B@1971e35
Nokia 7.2,SM-G991B,0,"55.72, 13.22",13:31 min,2022-05-09 02:51:00,[B@1a438d9
LIO-AL00HUAWEILIO-AL00,SM-A700H,0,"- , -",1:48 min,2022-05-10 11:10:00,[B@1a80758
G834147.2.A.11.228,SM-G991B,0,"- , -",37:27 min,2022-05-11 10:04:00,[B@1aa107e
Lenovo TB-X505F,SM-G991B,0,"55.72, 13.21",18 sec,2022-05-12 07:46:00,[B@1ab701b
LIO-AL00,SM-A700H,-75,"- , -",32 sec,2022-05-09 01:09:00,[B@1b293eb
Galaxy S20 FE de Marie,SM-G991B,0,"- , -",38 sec,2022-05-09 12:02:00,[B@1c6ef36
SM-G991B,SM-G780F,0,"55.72, 13.21",11:13 min,2022-05-09 09:34:00,[B@1d1b4b8
G8341,SM-G780F,0,"55.72, 13.21",24 sec,2022-05-09 02:02:00,[B@1d32f46
Galaxy S20 FE de Marie,SM-G991B,0,"- , -",27:10 min,2022-05-09 11:30:00,[B@1d8912a
Nokia 7.2RKQ1.210607.001,SM-G991B,0,"- , -",13 sec,2022-05-11 10:06:00,[B@1da388e
SM-G991B,Lenovo TB-X505F,-15,"- , -",22 sec,2022-05-09 09:43:00,[B@1dee519
LIO-AL00HUAWEILIO-AL00,SM-A700H,0,"- , -",13 sec,2022-05-10 11:26:00,[B@1e15fd0
Nokia 7.2RKQ1.210607.001,SM-G780F,0,"55.72, 13.22",34:37 min,2022-05-12 03:05:00,[B@1e386c
LIO-AL00HUAWEILIO-AL00,SM-A700H,0,"- , -",10:20 min,2022-05-10 09:17:00,[B@1f08cd
SM-G780F,SM-G991B,0,"- , -",1:47 min,2022-05-09 01:14:00,[B@1f652e6
SM-G780FSP1A.210812.016,Lenovo TB-X505F,-40,"55.72, 13.22",13 sec,2022-05-11 03:51:00,[B@2054129
LIO-AL00HUAWEILIO-AL00,SM-A700H,0,"- , -",25 sec,2022-05-10 10:52:00,[B@212acf8
Lenovo TB-X505F,SM-G780F,0,"- , -",13 sec,2022-05-09 01:16:00,[B@214f0b7
G8341,SM-G780F,0,"55.72, 13.21",34 sec,2022-05-09 09:34:00,[B@21b6b26
SM-G991BSP1A.210812.016,SM-G780F,0,"55.72, 13.22",13 sec,2022-05-10 09:52:00,[B@21f01e2
LIO-AL00HUAWEILIO-AL00,SM-A700H,0,"- , -",24 sec,2022-05-10 12:10:00,[B@22b21ab
LIO-AL00HUAWEILIO-AL00,SM-A700H,0,"- , -",13:45 min,2022-05-10 09:03:00,[B@22c6c15
Lenovo TB-X505F,SM-G991B,0,"- , -",4:42 min,2022-05-11 01:23:00,[B@22e638e
Lenovo TB-X505F,SM-G780F,0,"55.72, 13.22",3:28 min,2022-05-11 03:28:00,[B@239267b
Nokia 7.2,SM-G780F,0,"55.72, 13.22",1:01 min,2022-04-27 06:06:00,[B@23954f9
SM-G991BSP1A.210812.016,SM-G780F,-84,"- , -",40 sec,2022-05-10 09:23:00,[B@23f5c2d
Lenovo TB-X505F,SM-G991B,0,"- , -",2:47 min,2022-05-12 07:21:00,[B@24d7c1
SM-G780FSP1A.210812.016,G8341,-91,"55.72, 13.22",43 sec,2022-05-12 10:38:00,[B@259b07b
SM-A700HMMB29M,SM-G780F,-92,"- , -",17 sec,2022-05-10 12:09:00,[B@267ee81
LIO-AL00HUAWEILIO-AL00,SM-A700H,0,"- , -",1:10 min,2022-05-10 10:34:00,[B@26b50b2
Lenovo TB-X505F,SM-G780F,0,"- , -",13 sec,2022-05-09 03:58:00,[B@2732e48
G834147.2.A.11.228,SM-G991B,0,"- , -",2:01 min,2022-05-11 06:10:00,[B@2798e2c
Lenovo TB-X505F,SM-G780F,0,"- , -",2:13 min,2022-05-03 01:29:00,[B@27d68b
SM-G780FSP1A.210812.016,Lenovo TB-X505F,0,"55.72, 13.22",4:07 min,2022-05-11 11:57:00,[B@28735f3
SM-G780F,G8341,0,"55.71, 13.23",2:28 min,2022-05-09 01:17:00,[B@28f58e6
SM-G991BSP1A.210812.016,SM-G780F,-79,"- , -",24 sec,2022-05-10 11:29:00,[B@298b65d
Lenovo TB-X505F,SM-A700H,-77,"- , -",22 sec,2022-05-09 04:15:00,[B@29bcce2
LIO-AL00HUAWEILIO-AL00,SM-A700H,0,"- , -",31 sec,2022-05-10 10:51:00,[B@2a7b3f
LIO-AL00HUAWEILIO-AL00,SM-A700H,0,"- , -",3:37 min,2022-05-10 10:11:00,[B@2aa936d
Lenovo TB-X505F,SM-G991B,0,"55.72, 13.21",1:48 min,2022-05-12 07:54:00,[B@2ae61ce
SM-G780F,SM-G991B,0,"- , -",10:01 min,2022-05-09 11:22:00,[B@2b1d449
Nokia 7.2,SM-G780F,0,"55.72, 13.21",25:59 min,2022-05-09 09:38:00,[B@2b479ce
SM-G991BSP1A.210812.016,SM-G780F,-77,"- , -",13 sec,2022-05-10 11:28:00,[B@2ba73c2
SM-G780FSP1A.210812.016,Lenovo TB-X505F,0,"- , -",3:41 min,2022-05-12 02:17:00,[B@2bf079f
Nokia 7.2RKQ1.210607.001,Lenovo TB-X505F,0,"- , -",3:05 min,2022-05-10 02:17:00,[B@2c28adb
SM-G991B,SM-G780F,-95,"- , -",15 sec,2022-05-09 12:15:00,[B@2c67a3c
Nokia 7.2,SM-G991B,-28,"55.72, 13.21",53 sec,2022-05-09 01:09:00,[B@2c7016d
SM-G991B,G8341,0,"55.71, 13.23",2:03 min,2022-05-09 08:03:00,[B@2cb6eb2
SM-G991B,SM-G780F,0,"55.72, 13.21",52 sec,2022-05-09 10:01:00,[B@2d23c7
G8341,SM-G780F,0,"55.72, 13.21",2:11 min,2022-05-09 10:04:00,[B@2d29955
G8341,SM-G780F,-92,"55.72, 13.21",24 sec,2022-05-09 09:59:00,[B@2d88383
G8341,SM-G991B,0,"- , -",29 sec,2022-05-09 03:31:00,[B@2d8b87e
G8341,SM-G780F,0,"- , -",17:02 min,2022-05-09 03:42:00,[B@2e12e61
Nokia 7.2RKQ1.210607.001,G8341,-84,"55.72, 13.22",32 sec,2022-05-12 10:52:00,[B@2e153fd
Lenovo TB-X505F,SM-G780F,0,"- , -",58 sec,2022-05-12 03:39:00,[B@2eb18c7
SM-G991B,G8341,0,"55.71, 13.23",1:25 min,2022-05-09 01:09:00,[B@2eb52db
Lenovo TB-X505F,SM-G991B,-51,"55.72, 13.22",39 sec,2022-05-09 09:41:00,[B@2ebb68f
Lenovo TB-X505F,SM-G780F,0,"- , -",27 sec,2022-05-09 03:54:00,[B@2ec3b52
SM-G780F,SM-G991B,0,"- , -",3:58 min,2022-05-09 11:11:00,[B@2ec5482
SM-G780F,SM-G991B,0,"- , -",45:52 min,2022-05-09 01:15:00,[B@30b5764
Nokia 7.2,SM-G780F,-64,"55.72, 13.21",13 sec,2022-05-09 09:37:00,[B@3108f89
Lenovo TB-X505F,SM-G991B,-44,"- , -",1:01 min,2022-05-11 03:32:00,[B@316d204
Lenovo TB-X505F,SM-G780F,0,"55.72, 13.22",41 sec,2022-05-03 05:43:00,[B@32305ac
G8341,SM-G991B,0,"- , -",3:54 min,2022-05-09 12:01:00,[B@325d9ec
LIO-AL00HUAWEILIO-AL00,SM-A700H,0,"- , -",1:38 min,2022-05-10 10:15:00,[B@33162ab
G8341,SM-G991B,0,"55.72, 13.22",58 sec,2022-05-09 03:04:00,[B@3339484
LIO-AL00HUAWEILIO-AL00,SM-A700H,0,"- , -",1:50 min,2022-05-10 10:20:00,[B@3344c9b
Lenovo TB-X505F,G8341,-69,"55.71, 13.23",58 sec,2022-05-11 05:29:00,[B@338075f
G8341,SM-G991B,-76,"- , -",22 sec,2022-05-09 12:10:00,[B@339d638
SM-G991B,SM-G780F,0,"55.72, 13.21",13 sec,2022-05-09 10:06:00,[B@33d5d51
SM-G991B,G8341,-70,"55.71, 13.23",1:07 min,2022-05-09 01:12:00,[B@344eafa
Lenovo TB-X505F,SM-G780F,0,"- , -",13 sec,2022-05-09 03:47:00,[B@34881db
Lenovo TB-X505F,G8341,-70,"55.71, 13.23",25 sec,2022-05-11 11:03:00,[B@34b5e33
Lenovo TB-X505F,SM-G991B,0,"55.72, 13.21",26 sec,2022-05-12 07:44:00,[B@354562f
Nokia 7.2,SM-G780F,0,"55.72, 13.21",25:59 min,2022-05-09 09:38:00,[B@359cec9
Nokia 7.2RKQ1.210607.001,SM-G780F,0,"55.72, 13.22",1:08 min,2022-05-12 02:05:00,[B@364eec
SM-G780F,SM-G991B,0,"55.72, 13.22",15 sec,2022-05-09 09:47:00,[B@3691cbb
SM-G780F,SM-G991B,0,"- , -",57 sec,2022-05-09 11:22:00,[B@369f1de
SM-G780FSP1A.210812.016,SM-A700H,-80,"- , -",13 sec,2022-05-10 12:58:00,[B@36f1f05
Nokia 7.2RKQ1.210607.001,SM-G991B,-60,"- , -",41 sec,2022-05-11 03:33:00,[B@37703f0
LIO-AL00HUAWEILIO-AL00,SM-A700H,0,"- , -",1:59 min,2022-05-10 09:27:00,[B@37856ef
SM-G991B,SM-A700H,-63,"- , -",42 sec,2022-05-09 04:11:00,[B@384ecd0
SM-A515F,SM-G991B,0,"55.72, 13.21",11:33 min,2022-05-12 10:23:00,[B@38928e
SM-G780F,SM-G991B,0,"- , -",13 sec,2022-05-09 11:57:00,[B@38a0988
Lenovo TB-X505F,SM-G991B,0,"55.72, 13.21",25 sec,2022-05-12 07:46:00,[B@390a62b
SM-G991B,Lenovo TB-X505F,-53,"- , -",15 sec,2022-05-09 09:42:00,[B@390ec48
Lenovo TB-X505F,SM-G991B,0,"- , -",13 sec,2022-05-09 03:38:00,[B@391d4df
G834147.2.A.11.228,SM-G780F,0,"- , -",1:26 min,2022-05-12 10:43:00,[B@392eff3
Lenovo TB-X505F,SM-G991B,0,"55.72, 13.22",4:15 min,2022-05-11 09:21:00,[B@396838
SM-G991B,SM-G780F,0,"55.72, 13.21",3:08 min,2022-05-09 09:33:00,[B@39b1179
LIO-AL00HUAWEILIO-AL00,SM-A700H,0,"- , -",3:07 min,2022-05-10 11:22:00,[B@39c8c1b
G834147.2.A.11.228,SM-G991B,0,"- , -",5:12 min,2022-05-11 12:13:00,[B@3a3631f
Lenovo TB-X505F,SM-G780F,0,"55.72, 13.21",23:22 min,2022-05-09 09:38:00,[B@3a607f4
SM-G780F,SM-G991B,0,"55.72, 13.21",2:29 min,2022-05-09 01:02:00,[B@3ad1420
SM-G780F,SM-G991B,0,"- , -",58 sec,2022-05-09 11:22:00,[B@3b8dd19
SM-G780F,SM-G991B,0,"- , -",27:07 min,2022-05-09 11:11:00,[B@3bed12f
Lenovo TB-X505F,G8341,-78,"55.71, 13.23",13 sec,2022-05-11 11:01:00,[B@3bef6f4
LIO-AL00HUAWEILIO-AL00,SM-A700H,0,"- , -",24 sec,2022-05-10 11:26:00,[B@3c4a8fc
SM-G991B,SM-G780F,0,"55.72, 13.21",1:06 min,2022-05-09 09:37:00,[B@3c6a30e
Lenovo TB-X505F,SM-G991B,0,"55.72, 13.21",4:33 min,2022-05-12 07:39:00,[B@3c6c099
SM-G991B,SM-G780F,0,"55.72, 13.21",52 sec,2022-05-09 02:00:00,[B@3cc6de1
SM-G991BSP1A.210812.016,SM-G780F,0,"55.72, 13.22",13 sec,2022-05-10 09:52:00,[B@3d55eb4
Nokia 7.2,SM-G780F,0,"55.72, 13.22",4:53 min,2022-05-03 01:34:00,[B@3db14a6
SM-M315F,SM-G991B,0,"- , -",5:40 min,2022-05-09 08:49:00,[B@3dc908c
LIO-AL00HUAWEILIO-AL00,SM-A700H,0,"- , -",6:46 min,2022-05-10 10:36:00,[B@3e517ac
Lenovo TB-X505F,SM-G991B,0,"55.72, 13.21",34 sec,2022-05-12 07:55:00,[B@3e8208a
SM-G780FSP1A.210812.016,Lenovo TB-X505F,0,"- , -",40:51 min,2022-05-10 08:57:00,[B@3eb26dd
Nokia 7.2,SM-G991B,0,"- , -",1:43 min,2022-05-09 03:31:00,[B@3f13354
Nokia 7.2,SM-G780F,0,"- , -",14 sec,2022-05-09 01:08:00,[B@3f41f8b
SM-G780F,SM-G991B,0,"- , -",1:20 min,2022-05-09 11:10:00,[B@4036cf9
Nokia 7.2RKQ1.210607.001,Lenovo TB-X505F,0,"55.72, 13.22",15 sec,2022-05-11 11:43:00,[B@405583
SM-G780F,SM-G991B,0,"- , -",10:5:23 hours,2022-05-09 02:00:00,[B@4059bc0
Nokia 7.2RKQ1.210607.001,SM-G780F,0,"- , -",1:05 min,2022-05-12 10:42:00,[B@4073a65
Lenovo TB-X505F,SM-G780F,0,"55.72, 13.21",56 sec,2022-05-09 01:08:00,[B@4089ceb
G834147.2.A.11.228,SM-G780F,0,"55.72, 13.22",32 sec,2022-05-12 03:59:00,[B@411aa4f
SM-A515F,G8341,0,"55.72, 13.22",19 sec,2022-05-12 10:29:00,[B@412bbf0
LIO-AL00HUAWEILIO-AL00,SM-G780F,-91,"- , -",17 sec,2022-05-10 12:09:00,[B@4164ea2
SM-M315F,SM-G780F,0,"- , -",3:36 min,2022-05-09 08:47:00,[B@4170d8b
SM-G780FSP1A.210812.016,G8341,-82,"55.71, 13.23",22 sec,2022-05-11 01:56:00,[B@41b1329
Lenovo TB-X505F,SM-G991B,0,"55.72, 13.21",16 sec,2022-05-12 07:51:00,[B@41f114
Lenovo TB-X505F,SM-G780F,-58,"55.72, 13.22",22 sec,2022-05-12 10:49:00,[B@4225153
SM-G991BSP1A.210812.016,SM-G780F,0,"55.72, 13.22",11:45 min,2022-05-12 10:22:00,[B@427a8f9
Lenovo TB-X505F,SM-G991B,0,"55.72, 13.21",27 sec,2022-05-12 07:45:00,[B@427feca
Nokia 7.2,SM-G780F,0,"55.72, 13.22",23 sec,2022-04-27 06:24:00,[B@42a4194
SM-G780F,SM-G991B,0,"- , -",23 sec,2022-05-09 09:40:00,[B@42ccf1
G8341,SM-G780F,-65,"55.72, 13.21",42 sec,2022-05-09 11:22:00,[B@430f276
LIO-AL00HUAWEILIO-AL00,SM-A700H,0,"- , -",37 sec,2022-05-10 11:27:00,[B@43158e8
Galaxy S20 FE de Marie,SM-G991B,0,"55.72, 13.22",23 sec,2022-05-09 09:43:00,[B@433e0c
Nokia 7.2,SM-G780F,-50,"55.72, 13.21",26 sec,2022-05-09 09:37:00,[B@43a696e
Nokia 7.2,SM-G780F,0,"- , -",13 sec,2022-05-09 03:58:00,[B@440ade2
SM-G780FSP1A.210812.016,G8341,-82,"55.71, 13.23",15 sec,2022-05-11 01:57:00,[B@441085b
Lenovo TB-X505F,G8341,-78,"55.71, 13.23",34 sec,2022-05-11 10:59:00,[B@4489e94
SM-G780F,G8341,0,"55.71, 13.23",1:03 min,2022-05-09 02:03:00,[B@44946c1
Lenovo TB-X505F,G8341,0,"55.71, 13.23",5:09 min,2022-05-09 11:59:00,[B@44bd1a4
LIO-AL00HUAWEILIO-AL00,SM-A700H,0,"- , -",2:27 min,2022-05-10 09:35:00,[B@454f1ad
Lenovo TB-X505F,SM-G780F,0,"55.72, 13.22",41:32 min,2022-05-12 01:23:00,[B@456e687
Lenovo TB-X505F,G8341,-80,"55.71, 13.23",27 sec,2022-05-11 05:31:00,[B@466599d
SM-G780F,G8341,0,"55.71, 13.23",10:7:13 hours,2022-05-09 02:55:00,[B@46bf249
SM-G780FSP1A.210812.016,Lenovo TB-X505F,0,"- , -",5:32 min,2022-05-12 03:17:00,[B@4710e64
SM-G780FSP1A.210812.016,SM-A700H,-85,"55.72, 13.22",13 sec,2022-05-10 05:24:00,[B@474267a
G8341,SM-G991B,0,"55.71, 13.23",2:54 min,2022-05-09 07:38:00,[B@47bd70b
SM-G991BSP1A.210812.016,G8341,0,"55.71, 13.23",37:28 min,2022-05-11 10:07:00,[B@480c67f
LIO-AL00HUAWEILIO-AL00,SM-A700H,0,"- , -",16 sec,2022-05-10 10:22:00,[B@4811777
LIO-AL00HUAWEILIO-AL00,SM-A700H,0,"- , -",1:56 min,2022-05-10 10:49:00,[B@4891012
Lenovo TB-X505F,SM-G780F,-50,"- , -",1:01 min,2022-05-12 10:42:00,[B@48be9e2
SM-G780FSP1A.210812.016,G8341,0,"55.71, 13.23",23 sec,2022-05-10 12:07:00,[B@48cc39c
SM-G780F,SM-G991B,0,"- , -",1:26 min,2022-05-09 11:14:00,[B@4936ce8
Lenovo TB-X505F,SM-G991B,-3,"55.72, 13.21",1:56 min,2022-05-12 07:31:00,[B@4995ad7
SM-G780F,SM-G991B,0,"- , -",51 sec,2022-05-09 11:35:00,[B@4a130dc
LIO-AL00HUAWEILIO-AL00,SM-A700H,0,"- , -",2:16 min,2022-05-10 11:28:00,[B@4a1c939
Lenovo TB-X505F,G8341,-89,"55.71, 13.23",34 sec,2022-05-11 05:09:00,[B@4a36ae2
Nokia 7.2RKQ1.210607.001,SM-G780F,0,"55.72, 13.22",8:00 min,2022-05-10 01:47:00,[B@4a459e
SM-G991BSP1A.210812.016,SM-G780F,-84,"- , -",1:10 min,2022-05-10 11:13:00,[B@4a9dc37
SM-G780F,G8341,0,"55.71, 13.23",8:12 min,2022-05-09 11:25:00,[B@4afb721
Nokia 7.2RKQ1.210607.001,SM-G991B,0,"- , -",55 sec,2022-05-11 11:08:00,[B@4b187cf
LIO-AL00HUAWEILIO-AL00,SM-A700H,0,"- , -",2:55 min,2022-05-10 09:45:00,[B@4bff24
SM-G780F,SM-G991B,0,"- , -",3:22 min,2022-05-09 11:38:00,[B@4c1dfdc
LIO-AL00HUAWEILIO-AL00,SM-A700H,0,"- , -",26 sec,2022-05-10 12:02:00,[B@4c3e066
SM-G780F,SM-G991B,0,"- , -",7:04 min,2022-05-09 11:32:00,[B@4ca4a75
Galaxy S20 FE de Marie,SM-G991B,0,"55.71, 13.23",2:16 min,2022-05-09 09:38:00,[B@4d1bab2
Lenovo TB-X505F,SM-G780F,0,"- , -",13 sec,2022-05-09 03:42:00,[B@4db1772
Nokia 7.2,SM-G991B,-85,"55.72, 13.21",40 sec,2022-05-09 01:06:00,[B@4dcb2f1
SM-G991BSP1A.210812.016,SM-G780F,-92,"55.72, 13.22",13 sec,2022-05-10 10:36:00,[B@4de7bbc
Lenovo TB-X505F,SM-G780F,0,"55.72, 13.21",27 sec,2022-05-09 09:36:00,[B@4df3a9c
SM-G780FSP1A.210812.016,LIO-AL00,-53,"55.72, 13.22",33 sec,error,[B@4e6ba12
LIO-AL00HUAWEILIO-AL00,SM-A700H,0,"- , -",3:26 min,2022-05-10 10:08:00,[B@4ebdd8
SM-G991B,SM-G780F,0,"55.72, 13.21",1:49 min,2022-05-09 09:34:00,[B@4ef7ebe
LIO-AL00HUAWEILIO-AL00,SM-A700H,0,"- , -",3:12 min,2022-05-10 09:38:00,[B@4f952eb
Nokia 7.2,SM-G780F,0,"- , -",1:15:13 hours,2022-04-27 10:29:00,[B@50508b6
Lenovo TB-X505F,G8341,-100,"55.71, 13.23",1:02 min,2022-05-09 01:13:00,[B@505d925
SM-G780FSP1A.210812.016,G8341,-86,"55.72, 13.22",23 sec,2022-05-12 03:06:00,[B@507b3be
G834147.2.A.11.228,SM-G991B,0,"- , -",20 sec,2022-05-11 11:07:00,[B@50eb52d
G8341,SM-G780F,0,"- , -",3:24 min,2022-05-09 12:41:00,[B@51236c2
SM-G991B,SM-G780F,0,"55.72, 13.22",2:20 min,2022-04-27 11:13:00,[B@51436f1
Galaxy S20 FE de Marie,SM-G991B,0,"55.72, 13.22",23 sec,2022-05-09 09:36:00,[B@518371c
Nokia 7.2RKQ1.210607.001,SM-G780F,0,"- , -",37 sec,2022-05-12 10:49:00,[B@51edb09
SM-G991BSP1A.210812.016,G8341,0,"55.71, 13.23",41 sec,2022-05-11 11:11:00,[B@5206e26
LIO-AL00HUAWEILIO-AL00,SM-A700H,0,"- , -",43 sec,2022-05-10 10:15:00,[B@535fee
SM-G991BSP1A.210812.016,G8341,0,"55.71, 13.23",22 sec,2022-05-11 12:17:00,[B@53b97c4
Lenovo TB-X505F,SM-G991B,0,"55.72, 13.21",3:39 min,2022-05-12 07:47:00,[B@541aa95
Nokia 7.2RKQ1.210607.001,SM-G780F,0,"55.72, 13.22",0 sec,2022-05-12 03:52:00,[B@5440963
Lenovo TB-X505F,G8341,-88,"55.71, 13.23",24 sec,2022-05-11 05:14:00,[B@551ccec
Lenovo TB-X505F,SM-G991B,0,"55.72, 13.21",6:42 min,2022-05-12 10:27:00,[B@558c0fd
Galaxy S20 FE de Marie,Lenovo TB-X505F,0,"- , -",37 sec,2022-05-09 09:35:00,[B@55925cc
SM-G780F,G8341,0,"55.71, 13.23",3:27 min,2022-05-09 01:17:00,[B@55d7e6c
G8341,SM-G780F,0,"55.72, 13.21",49 sec,2022-05-09 10:01:00,[B@55f9792
Nokia 7.2RKQ1.210607.001,SM-G780F,0,"55.72, 13.22",0 sec,2022-05-12 03:52:00,[B@56011f4
Nokia 7.2RKQ1.210607.001,SM-G780F,-91,"55.72, 13.22",13 sec,2022-05-12 10:54:00,[B@561c0c1
LIO-AL00HUAWEILIO-AL00,SM-A700H,0,"- , -",19 sec,2022-05-10 10:42:00,[B@5620298
SM-G780FSP1A.210812.016,Lenovo TB-X505F,-40,"55.72, 13.22",37 sec,2022-05-11 03:31:00,[B@566cc6e
LIO-AL00,SM-A700H,0,"- , -",51:40 min,2022-05-09 01:18:00,[B@5826c2
SM-G991B,G8341,0,"55.71, 13.23",57 sec,2022-05-09 05:06:00,[B@583a2da
LIO-AL00HUAWEILIO-AL00,SM-A700H,0,"- , -",4:49 min,2022-05-10 11:05:00,[B@586851f
Galaxy S20 FE de Marie,SM-G991B,0,"- , -",19:24 min,2022-05-09 11:14:00,[B@591b974
Lenovo TB-X505F,G8341,-83,"55.71, 13.23",55 sec,2022-05-11 05:28:00,[B@593988b
G8341,SM-G991B,0,"55.72, 13.22",7:51 min,2022-05-09 02:52:00,[B@59fa2aa
SM-G780F,G8341,0,"55.71, 13.23",1:51 min,2022-05-09 01:10:00,[B@5a646fd
LIO-AL00HUAWEILIO-AL00,SM-A700H,0,"- , -",58 sec,2022-05-10 10:47:00,[B@5aae04f
SM-G991B,SM-G780F,0,"55.72, 13.22",6:04 min,2022-04-27 11:16:00,[B@5ab060e
Lenovo TB-X505F,SM-G780F,0,"- , -",13 sec,2022-05-09 03:52:00,[B@5ac3a7f
G8341,SM-G991B,-51,"55.72, 13.22",56 sec,2022-05-09 09:47:00,[B@5add0fc
Lenovo TB-X505F,SM-G780F,0,"55.72, 13.21",27 sec,2022-05-09 02:00:00,[B@5bba02e
Nokia 7.2RKQ1.210607.001,G8341,0,"55.71, 13.23",5:01 min,2022-05-11 01:53:00,[B@5be2ca4
Lenovo TB-X505F,SM-A700H,-68,"- , -",2:18 min,2022-05-09 04:11:00,[B@5c18485
SM-G780F,G8341,0,"55.71, 13.23",7:44 min,2022-05-09 02:55:00,[B@5c66041
G834147.2.A.11.228,Lenovo TB-X505F,-90,"55.72, 13.22",16 sec,2022-05-11 01:48:00,[B@5c6dc4f
Nokia 7.2,G8341,0,"55.71, 13.23",13:13 min,2022-05-09 02:49:00,[B@5ccf73c
SM-G780F,SM-G991B,0,"- , -",1:04 min,2022-05-09 10:01:00,[B@5cd3159
LIO-AL00HUAWEILIO-AL00,SM-A700H,0,"- , -",2:12 min,2022-05-10 09:31:00,[B@5d43332
LIO-AL00,G8341,-85,"55.71, 13.23",1:40 min,2022-05-09 04:32:00,[B@5d487ef
Lenovo TB-X505F,G8341,-94,"55.71, 13.23",43 sec,2022-05-11 05:08:00,[B@5d6142c
SM-G780FSP1A.210812.016,SM-A700H,-67,"- , -",13 sec,2022-05-10 12:57:00,[B@5e1313
SM-G991BSP1A.210812.016,SM-G780F,-79,"- , -",13 sec,2022-05-10 11:37:00,[B@5ee624f
G834147.2.A.11.228,SM-G780F,0,"55.72, 13.22",53 sec,2022-05-12 10:52:00,[B@5efb630
SM-G991BSP1A.210812.016,Lenovo TB-X505F,0,"55.72, 13.22",33:44 min,2022-05-11 03:59:00,[B@5f54002
LIO-AL00HUAWEILIO-AL00,SM-A700H,0,"- , -",6:29 min,2022-05-10 11:55:00,[B@5f9149a
Nokia 7.2RKQ1.210607.001,SM-G991B,0,"- , -",46 sec,2022-05-11 10:38:00,[B@601a4c
Lenovo TB-X505F,SM-G991B,0,"55.72, 13.21",4:10 min,2022-05-12 10:18:00,[B@60501aa
SM-G991BSP1A.210812.016,SM-G780F,-70,"55.72, 13.22",13 sec,2022-05-10 09:30:00,[B@607d64d
Galaxy S20 FE de Marie,G8341,0,"55.71, 13.23",3:37 min,2022-05-09 12:44:00,[B@611b6c
Lenovo TB-X505F,SM-G780F,0,"55.72, 13.21",27 sec,2022-05-09 09:36:00,[B@612fa0f
SM-G991B,G8341,-59,"55.71, 13.23",1:07 min,2022-05-09 01:11:00,[B@61b7ff2
SM-G991BSP1A.210812.016,SM-G780F,-86,"- , -",50 sec,2022-05-10 11:14:00,[B@61fd4d5
Nokia 7.2RKQ1.210607.001,SM-G780F,0,"55.72, 13.22",32:32 min,2022-05-11 04:23:00,[B@62203b5
SM-G991BSP1A.210812.016,SM-G780F,0,"- , -",13 sec,2022-05-10 01:06:00,[B@6238f77
SM-G780F,SM-G991B,0,"55.71, 13.23",13 sec,2022-05-09 09:52:00,[B@6282e07
SM-G991BSP1A.210812.016,G8341,-97,"55.71, 13.23",2:02 min,2022-05-11 01:08:00,[B@62c51e8
Lenovo TB-X505F,SM-G780F,-57,"55.72, 13.22",13 sec,2022-05-12 10:51:00,[B@6311703
LIO-AL00,G8341,-92,"55.71, 13.23",26 sec,2022-05-09 04:12:00,[B@640b7d1
SM-G780F,SM-G991B,0,"- , -",2:16 min,2022-05-09 10:04:00,[B@64785a
Nokia 7.2,Lenovo TB-X505F,0,"- , -",1:40:36 hours,2022-05-09 09:06:00,[B@64f8e9
Nokia 7.2RKQ1.210607.001,SM-G991B,0,"- , -",1:50 min,2022-05-11 06:16:00,[B@65203fe
SM-G991BSP1A.210812.016,SM-G780F,0,"- , -",26 sec,2022-05-10 12:58:00,[B@65ef097
LIO-AL00HUAWEILIO-AL00,SM-G780F,0,"- , -",22:03 min,2022-05-10 12:10:00,[B@65f30b3
SM-G991BSP1A.210812.016,SM-G780F,-79,"- , -",13 sec,2022-05-10 11:41:00,[B@661f4c4
SM-G991BSP1A.210812.016,G8341,-82,"55.71, 13.23",59 sec,2022-05-11 09:24:00,[B@675e4c9
Nokia 7.2RKQ1.210607.001,SM-G780F,-92,"- , -",23 sec,2022-05-12 10:55:00,[B@67911d6
SM-G991BSP1A.210812.016,SM-G780F,-67,"- , -",29 sec,2022-05-10 09:28:00,[B@67c8d52
Lenovo TB-X505F,SM-A700H,-75,"- , -",34 sec,2022-05-09 04:16:00,[B@682325c
LIO-AL00HUAWEILIO-AL00,SM-G780F,-90,"- , -",25 sec,2022-05-10 12:09:00,[B@6936baa
SM-G780F,SM-G991B,0,"- , -",13 sec,2022-05-09 11:43:00,[B@69b0580
LIO-AL00,G8341,-53,"55.71, 13.23",57 sec,2022-05-09 04:39:00,[B@69ca030
LIO-AL00HUAWEILIO-AL00,SM-G780F,0,"- , -",2:12 min,2022-05-10 12:34:00,[B@6a0399a
SM-G991B,SM-G780F,0,"55.72, 13.21",1:17 min,2022-05-09 09:34:00,[B@6a039bf
LIO-AL00HUAWEILIO-AL00,SM-A700H,0,"- , -",5:10 min,2022-05-10 10:02:00,[B@6a4fd9f
SM-G780F,SM-G991B,0,"- , -",13 sec,2022-05-09 12:14:00,[B@6a73d88
SM-G991BSP1A.210812.016,Lenovo TB-X505F,0,"55.72, 13.22",30 sec,2022-05-11 03:33:00,[B@6aafd59
Nokia 7.2,SM-G991B,-64,"55.72, 13.22",43 sec,2022-05-09 09:41:00,[B@6ababdd
LIO-AL00HUAWEILIO-AL00,SM-A700H,0,"- , -",49 sec,2022-05-10 09:37:00,[B@6add52e
LIO-AL00HUAWEILIO-AL00,SM-G780F,0,"55.72, 13.22",37 sec,2022-05-10 05:26:00,[B@6b0716
LIO-AL00HUAWEILIO-AL00,SM-A700H,0,"- , -",59 sec,2022-05-10 11:16:00,[B@6b9f334
LIO-AL00HUAWEILIO-AL00,SM-A700H,0,"- , -",1:55 min,2022-05-10 09:41:00,[B@6c2a01d
LIO-AL00HUAWEILIO-AL00,SM-A700H,0,"- , -",1:23 min,2022-05-10 11:14:00,[B@6c2c22b
SM-G780FSP1A.210812.016,Lenovo TB-X505F,0,"- , -",30:06 min,2022-05-10 01:16:00,[B@6d56eef
Nokia 7.2RKQ1.210607.001,SM-G780F,0,"- , -",47:18 min,2022-05-10 12:59:00,[B@6d5811
SM-M315F,SM-G780F,0,"- , -",3:46 min,2022-04-27 10:29:00,[B@6d85d87
SM-G991BSP1A.210812.016,SM-G780F,-97,"- , -",27 sec,2022-05-10 09:21:00,[B@6de7eec
Lenovo TB-X505F,SM-G780F,0,"55.72, 13.22",2:20 min,2022-05-10 02:31:00,[B@6e2807e
Nokia 7.2,SM-G780F,0,"55.72, 13.22",40 sec,2022-04-27 06:24:00,[B@6e6693c
G8341,SM-G780F,-84,"55.72, 13.21",17 sec,2022-05-09 09:58:00,[B@6e9b704
SM-G991B,SM-G780F,0,"55.72, 13.21",13:52 min,2022-05-09 02:51:00,[B@6ea3a61
Nokia 7.2,SM-G780F,0,"55.72, 13.22",56 sec,2022-04-27 06:21:00,[B@6ee5ac8
Lenovo TB-X505F,SM-G780F,0,"- , -",13 sec,2022-05-09 03:36:00,[B@6ef5022
LIO-AL00,SM-G780F,-78,"55.72, 13.21",15 sec,2022-05-09 04:29:00,[B@6f2eb91
SM-G780F,SM-G991B,0,"- , -",54 sec,2022-05-09 02:00:00,[B@6f2f3da
G8341,SM-G780F,0,"55.72, 13.21",1:54 min,2022-05-09 09:37:00,[B@6f305ca
LIO-AL00HUAWEILIO-AL00,SM-A700H,0,"- , -",43 sec,2022-05-10 09:34:00,[B@6f534fb
SM-G780FSP1A.210812.016,G8341,-86,"55.72, 13.22",25 sec,2022-05-12 03:06:00,[B@6f6a37d
SM-G991BSP1A.210812.016,G8341,0,"55.71, 13.23",16:56 min,2022-05-10 11:33:00,[B@7066a3d
SM-G991B,SM-G780F,0,"55.72, 13.21",52 sec,2022-05-09 10:01:00,[B@7090df4
SM-G991B,SM-G780F,-83,"55.72, 13.21",33 sec,2022-05-09 04:03:00,[B@715d8ef
Lenovo TB-X505F,SM-G780F,0,"55.72, 13.22",10:11 min,2022-05-03 02:26:00,[B@71c7c2b
SM-G991B,SM-G780F,0,"55.72, 13.21",4:07 min,2022-05-09 09:21:00,[B@71fc515
SM-G991B,SM-G780F,0,"55.72, 13.21",32 sec,2022-05-09 02:01:00,[B@722d947
Nokia 7.2RKQ1.210607.001,G8341,0,"55.71, 13.23",8:18 min,2022-05-11 10:56:00,[B@728ca9b
SM-G991BSP1A.210812.016,SM-G780F,-81,"55.72, 13.22",50 sec,2022-05-11 12:18:00,[B@72a331c
Lenovo TB-X505F,G8341,-70,"55.71, 13.23",17 sec,2022-05-11 07:01:00,[B@7332c26
G834147.2.A.11.228,SM-G780F,0,"55.72, 13.22",25 sec,2022-05-12 10:11:00,[B@7395bfe
LIO-AL00HUAWEILIO-AL00,SM-A700H,0,"- , -",2:09 min,2022-05-10 11:02:00,[B@74428
SM-G991B,Lenovo TB-X505F,-101,"- , -",13 sec,2022-05-09 09:33:00,[B@7451d9c
SM-M315F,SM-G780F,0,"- , -",2:13 min,2022-04-27 11:08:00,[B@7465b24
Lenovo TB-X505F,SM-A700H,-55,"- , -",21 sec,2022-05-09 04:19:00,[B@74b6442
SM-G991BSP1A.210812.016,SM-G780F,0,"- , -",22 sec,2022-05-10 12:04:00,[B@7511e35
Nokia 7.2RKQ1.210607.001,SM-G780F,0,"- , -",1 sec,2022-05-11 04:00:00,[B@75197bd
LIO-AL00HUAWEILIO-AL00,SM-A700H,0,"- , -",22 sec,2022-05-10 11:26:00,[B@75a9164
Nokia 7.2RKQ1.210607.001,SM-G780F,0,"55.72, 13.22",6:22 min,2022-05-12 08:59:00,[B@75c526c
Nokia 7.2,SM-G991B,-64,"55.72, 13.22",13 sec,2022-05-09 09:43:00,[B@75efd9d
Lenovo TB-X505F,G8341,-69,"55.71, 13.23",15 sec,2022-05-11 05:30:00,[B@7625ab0
G834147.2.A.11.228,SM-G991B,0,"- , -",27:27 min,2022-05-11 06:20:00,[B@76c5877
Nokia 7.2RKQ1.210607.001,SM-G991B,0,"- , -",13 sec,2022-05-11 06:13:00,[B@76e7ee1
LIO-AL00,SM-G780F,0,"- , -",13 sec,2022-05-09 12:35:00,[B@775251e
SM-G780F,G8341,0,"55.71, 13.23",43 sec,2022-05-09 11:25:00,[B@77e8b40
G834147.2.A.11.228,Lenovo TB-X505F,-90,"55.72, 13.22",13 sec,2022-05-11 01:48:00,[B@7827e74
SM-G780FSP1A.210812.016,Lenovo TB-X505F,-59,"- , -",53 sec,2022-05-11 03:28:00,[B@784ecc1
G834147.2.A.11.228,SM-G991B,0,"- , -",25:32 min,2022-05-09 09:48:00,[B@785beac
G834147.2.A.11.228,SM-G991B,-64,"55.72, 13.22",33 sec,2022-05-11 09:21:00,[B@789314a
Nokia 7.2,SM-G780F,0,"55.72, 13.21",32 sec,2022-05-09 09:36:00,[B@78faca5
Nokia 7.2RKQ1.210607.001,SM-G780F,-86,"55.72, 13.22",40 sec,2022-05-12 10:54:00,[B@7927268
Lenovo TB-X505F,SM-G991B,-57,"55.72, 13.21",24 sec,2022-05-12 10:17:00,[B@7947e27
SM-G991BSP1A.210812.016,Lenovo TB-X505F,0,"55.72, 13.22",15:48 min,2022-05-11 01:23:00,[B@796ab84
Lenovo TB-X505F,SM-G991B,0,"- , -",2:05 min,2022-05-11 01:21:00,[B@79719b7
SM-G991BSP1A.210812.016,SM-G780F,-77,"- , -",1:02 min,2022-05-10 11:23:00,[B@79a634a
SM-G780F,SM-G991B,0,"- , -",9:43 min,2022-05-09 11:22:00,[B@79a9519
SM-G991BSP1A.210812.016,SM-G780F,-78,"- , -",14 sec,2022-05-10 11:29:00,[B@79e0a20
SM-G780F,SM-G991B,0,"- , -",19:06 min,2022-05-09 11:37:00,[B@7a3dded
SM-G780F,SM-G991B,0,"- , -",3:17 min,2022-05-09 11:37:00,[B@7a88483
Nokia 7.2RKQ1.210607.001,SM-G780F,0,"- , -",2:23:22 hours,2022-05-11 01:05:00,[B@7a9dc7f
SM-G780FSP1A.210812.016,Lenovo TB-X505F,0,"- , -",36 sec,2022-05-10 02:09:00,[B@7aa6340
SM-G991BSP1A.210812.016,SM-G780F,-92,"- , -",1:02 min,2022-05-10 09:25:00,[B@7aa8193
SM-A700H,G8341,-88,"55.71, 13.23",14 sec,2022-05-09 04:12:00,[B@7af960c
SM-G780F,G8341,0,"55.71, 13.23",39:12 min,2022-05-09 11:25:00,[B@7b189be
Nokia 7.2RKQ1.210607.001,SM-G780F,0,"55.72, 13.22",0 sec,2022-05-12 03:52:00,[B@7b3bd6d
SM-G780F,SM-G991B,0,"- , -",1:16 min,2022-05-09 01:15:00,[B@7b50ff3
Lenovo TB-X505F,SM-G991B,0,"55.72, 13.21",14 sec,2022-05-12 10:27:00,[B@7ba92f9
SM-M315F,SM-G780F,0,"- , -",6:21 min,2022-05-03 01:29:00,[B@7be388
SM-G780FSP1A.210812.016,G8341,-82,"55.72, 13.22",25 sec,2022-05-12 04:02:00,[B@7c53df0
Lenovo TB-X505F,G8341,-81,"55.71, 13.23",28 sec,2022-05-11 10:58:00,[B@7c5d7cc
SM-G991B,SM-G780F,0,"55.72, 13.21",8:32 min,2022-05-09 03:31:00,[B@7d13687
LIO-AL00HUAWEILIO-AL00,SM-A700H,0,"- , -",6:33 min,2022-05-10 11:37:00,[B@7d25b60
SM-G991B,G8341,0,"55.71, 13.23",2:31 min,2022-05-09 05:06:00,[B@7d5d07e
SM-G780FSP1A.210812.016,G8341,-82,"55.72, 13.22",1:57 min,2022-05-12 04:02:00,[B@7d8491c
Lenovo TB-X505F,SM-G991B,0,"55.72, 13.21",2:27 min,2022-05-12 07:33:00,[B@7e0938
SM-G991B,SM-G780F,0,"- , -",1:40 min,2022-05-09 01:08:00,[B@7e170bc
SM-G780FSP1A.210812.016,G8341,-83,"55.71, 13.23",27 sec,2022-05-11 01:56:00,[B@7e40d86
LIO-AL00HUAWEILIO-AL00,G8341,-82,"55.71, 13.23",27 sec,2022-05-10 05:31:00,[B@7f35bda
LIO-AL00,SM-G780F,0,"- , -",19:11 min,2022-05-09 12:16:00,[B@7fa4822
Lenovo TB-X505F,SM-G780F,0,"55.72, 13.22",35 sec,2022-05-12 03:52:00,[B@803d506
G834147.2.A.11.228,SM-G991B,0,"- , -",34 sec,2022-05-11 10:51:00,[B@8076043
G834147.2.A.11.228,SM-G991B,0,"55.72, 13.22",15 sec,2022-05-11 11:08:00,[B@8082706
SM-G780F,SM-G991B,0,"- , -",27 sec,2022-05-09 01:14:00,[B@80f022
SM-G991B,SM-G780F,0,"55.72, 13.21",7:41 min,2022-05-09 09:34:00,[B@80ff454
SM-G780F,G8341,0,"55.71, 13.23",49:16 min,2022-05-09 01:17:00,[B@8102669
SM-G780F,SM-G991B,0,"55.72, 13.22",2:55 min,2022-05-09 09:33:00,[B@8145cfd
Galaxy S20 FE de Marie,G8341,-2,"55.71, 13.23",50 sec,2022-05-09 10:04:00,[B@81e9e15
SM-G991BSP1A.210812.016,SM-G780F,0,"- , -",13 sec,2022-05-10 01:04:00,[B@82205a3
Lenovo TB-X505F,SM-G991B,0,"55.72, 13.22",25:42 min,2022-05-09 03:05:00,[B@8242b2c
Lenovo TB-X505F,SM-G991B,-10,"- , -",1:27 min,2022-05-11 03:59:00,[B@824352e
SM-G991BSP1A.210812.016,G8341,0,"55.71, 13.23",25 sec,2022-05-11 10:54:00,[B@830c562
SM-G780F,LIO-AL00,0,"55.73, 13.21",2:11 min,error,[B@834a972
LIO-AL00HUAWEILIO-AL00,SM-A700H,0,"- , -",41 sec,2022-05-10 10:19:00,[B@8370ed9
G8341,SM-G991B,0,"- , -",40:01 min,2022-05-09 11:16:00,[B@83a65ca
LIO-AL00HUAWEILIO-AL00,SM-A700H,0,"- , -",30 sec,2022-05-10 10:02:00,[B@83f7954
SM-G991BSP1A.210812.016,SM-G780F,0,"- , -",28 sec,2022-05-10 09:34:00,[B@84478cb
Lenovo TB-X505F,G8341,-87,"55.71, 13.23",30 sec,2022-05-11 10:56:00,[B@84b833c
LIO-AL00HUAWEILIO-AL00,SM-A700H,0,"- , -",55 sec,2022-05-10 09:43:00,[B@84fe5de
Nokia 7.2,SM-G780F,0,"- , -",10:13 min,2022-04-27 05:12:00,[B@8521bcf
Galaxy S20 FE de Marie,Lenovo TB-X505F,0,"55.72, 13.22",18:18 min,2022-05-11 11:43:00,[B@85aecd6
Lenovo TB-X505F,SM-G991B,0,"55.72, 13.21",3:21 min,2022-05-12 07:36:00,[B@861f11b
SM-G991BSP1A.210812.016,SM-G780F,-84,"- , -",41 sec,2022-05-10 11:52:00,[B@8620613
SM-G991BSP1A.210812.016,SM-G780F,-77,"- , -",13 sec,2022-05-10 11:26:00,[B@8694d5f
LIO-AL00HUAWEILIO-AL00,SM-A700H,0,"- , -",9:22 min,2022-05-10 10:22:00,[B@8716d4e
LIO-AL00HUAWEILIO-AL00,SM-A700H,0,"- , -",1:28 min,2022-05-10 10:48:00,[B@8722261
Nokia 7.2,SM-G780F,0,"- , -",27:35 min,2022-05-09 08:54:00,[B@875c275
Lenovo TB-X505F,SM-G991B,0,"55.72, 13.21",54 sec,2022-05-12 07:51:00,[B@87cfd61
SM-G991BSP1A.210812.016,SM-G780F,-84,"- , -",13 sec,2022-05-10 11:14:00,[B@8835dfc
G8341,SM-G780F,-92,"55.72, 13.21",24 sec,2022-05-09 09:59:00,[B@8941900
Lenovo TB-X505F,G8341,-70,"55.72, 13.22",13 sec,2022-05-12 10:30:00,[B@8997823
SM-G780FSP1A.210812.016,G8341,-84,"55.71, 13.23",49 sec,2022-05-11 01:54:00,[B@89cd405
SM-G780FSP1A.210812.016,Lenovo TB-X505F,0,"- , -",21:39 min,2022-05-10 09:45:00,[B@8a1006a
SM-G991BSP1A.210812.016,SM-G780F,-82,"- , -",15 sec,2022-05-10 11:45:00,[B@8a4f850
LIO-AL00HUAWEILIO-AL00,SM-A700H,0,"- , -",1:30 min,2022-05-10 11:30:00,[B@8a8918a
Galaxy S20 FE de Marie,SM-G991B,0,"55.72, 13.22",3:33 min,2022-05-09 09:44:00,[B@8ab7e3a
G834147.2.A.11.228,SM-G780F,0,"- , -",1:21 min,2022-05-12 10:49:00,[B@8abb7e2
SM-G991BSP1A.210812.016,G8341,0,"55.71, 13.23",9:01 min,2022-05-10 12:02:00,[B@8ac01f7
G834147.2.A.11.228,SM-G780F,-95,"- , -",23 sec,2022-05-11 01:04:00,[B@8ac82ae
Lenovo TB-X505F,SM-A700H,-70,"- , -",29 sec,2022-05-09 04:13:00,[B@8b192a6
Lenovo TB-X505F,SM-A700H,-60,"- , -",34 sec,2022-05-09 04:16:00,[B@8b676e1
SM-G991B,SM-G780F,0,"55.72, 13.21",7:41 min,2022-05-09 09:34:00,[B@8c027a7
LIO-AL00HUAWEILIO-AL00,SM-A700H,0,"- , -",15 sec,2022-05-10 11:36:00,[B@8c0555c
G8341,SM-G780F,0,"55.72, 13.21",13:18 min,2022-05-09 02:46:00,[B@8c2faf1
Galaxy S20 FE de Marie,SM-M315F,0,"55.72, 13.22",3:32 min,2022-05-09 08:47:00,[B@8c5c9c2
LIO-AL00,SM-A700H,0,"- , -",8:03 min,2022-05-09 01:10:00,[B@8d45512
SM-G780F,G8341,0,"55.71, 13.23",3:29 min,2022-05-09 01:17:00,[B@8dbec35
SM-G780FSP1A.210812.016,SM-A700H,-93,"55.72, 13.22",34 sec,2022-05-10 05:24:00,[B@8e41207
LIO-AL00HUAWEILIO-AL00,SM-A700H,0,"- , -",10:6:18 hours,2022-05-10 07:46:00,[B@8e5a388
SM-G991B,SM-G991B,0,"55.72, 13.22",53 sec,2022-05-09 09:47:00,[B@8e6b964
SM-G780FSP1A.210812.016,G8341,-79,"55.72, 13.22",38 sec,2022-05-12 10:46:00,[B@8e8659
Nokia 7.2,SM-G780F,-51,"55.72, 13.21",13 sec,2022-05-09 09:38:00,[B@900dade
SM-G991BSP1A.210812.016,Lenovo TB-X505F,0,"55.72, 13.22",13 sec,2022-05-11 03:55:00,[B@9016cca
SM-G991B,SM-G780F,0,"- , -",35 sec,2022-05-09 01:14:00,[B@90408e
SM-G991BSP1A.210812.016,SM-G780F,-70,"55.72, 13.22",38 sec,2022-05-10 09:29:00,[B@905a5d2
SM-G991BSP1A.210812.016,SM-G780F,-65,"- , -",13 sec,2022-05-10 11:54:00,[B@9139927
Nokia 7.2RKQ1.210607.001,SM-G780F,0,"55.72, 13.22",37 sec,2022-05-10 05:26:00,[B@918a431
SM-G780FSP1A.210812.016,Lenovo TB-X505F,-40,"55.72, 13.22",13 sec,2022-05-11 03:50:00,[B@91fd17f
SM-G991BSP1A.210812.016,G8341,0,"55.71, 13.23",17 sec,2022-05-11 10:55:00,[B@9208a3f
G834147.2.A.11.228,SM-G991B,-54,"55.72, 13.21",38 sec,2022-05-12 10:22:00,[B@926d9fc
SM-G991BSP1A.210812.016,SM-G780F,-92,"55.72, 13.22",13 sec,2022-05-10 10:37:00,[B@931a05a
Lenovo TB-X505F,SM-A700H,-80,"- , -",27 sec,2022-05-09 04:10:00,[B@935ba0
SM-G991BSP1A.210812.016,G8341,-86,"55.71, 13.23",1:01 min,2022-05-11 01:10:00,[B@93ab0fb
LIO-AL00HUAWEILIO-AL00,SM-G780F,-97,"- , -",23 sec,2022-05-10 12:07:00,[B@93cb385
SM-M315F,SM-G780F,0,"55.72, 13.22",13 sec,2022-04-27 10:34:00,[B@93e4e1e
Lenovo TB-X505F,SM-G991B,0,"- , -",13 sec,2022-05-11 01:27:00,[B@9460a9f
G8341,SM-G780F,0,"- , -",1:36 min,2022-05-09 01:07:00,[B@9476c6c
SM-G780FSP1A.210812.016,G8341,-86,"55.72, 13.22",54 sec,2022-05-12 10:15:00,[B@9485ac4
Galaxy S20 FE de Marie,Lenovo TB-X505F,0,"- , -",15:05 min,2022-05-09 09:06:00,[B@9498d0c
Nokia 7.2RKQ1.210607.001,SM-G991B,0,"- , -",1:12 min,2022-05-11 06:07:00,[B@94ca33a
SM-G780F,SM-G991B,0,"- , -",9:01 min,2022-05-09 11:33:00,[B@9635e79
SM-G991B,SM-G780F,-60,"55.72, 13.21",41 sec,2022-05-09 11:22:00,[B@9690da1
Lenovo TB-X505F,SM-G780F,0,"55.72, 13.22",53:12 min,2022-05-12 02:05:00,[B@971d2fc
G8341,SM-G991B,0,"- , -",3:43 min,2022-05-09 07:59:00,[B@9823dcf
Lenovo TB-X505F,SM-G780F,-61,"55.72, 13.22",1:59 min,2022-05-11 01:05:00,[B@984bc03
SM-G991B,SM-G780F,0,"- , -",6:58 min,2022-04-27 10:29:00,[B@984bf9
SM-G780FSP1A.210812.016,SM-G991B,0,"- , -",13:01 min,2022-05-11 03:46:00,[B@9856daa
SM-G780F,SM-G991B,0,"55.72, 13.22",13:52 min,2022-05-09 02:51:00,[B@986969a
G8341,SM-G991B,0,"- , -",16:59 min,2022-05-09 07:41:00,[B@989e98d
SM-G780FSP1A.210812.016,Lenovo TB-X505F,0,"- , -",5:57 min,2022-05-10 02:35:00,[B@99465ca
SM-G991BSP1A.210812.016,SM-G780F,0,"55.72, 13.22",26:34 min,2022-05-11 03:33:00,[B@997a293
LIO-AL00HUAWEILIO-AL00,SM-A700H,0,"- , -",2:45 min,2022-05-10 11:33:00,[B@9990630
SM-G991BSP1A.210812.016,SM-G780F,0,"- , -",42 sec,2022-05-10 12:03:00,[B@99a1b37
SM-G780F,SM-G991B,0,"- , -",4:31 min,2022-05-09 11:30:00,[B@99c1e9b
Lenovo TB-X505F,G8341,-86,"55.71, 13.23",2:02 min,2022-05-11 05:26:00,[B@99cc102
Lenovo TB-X505F,SM-G991B,0,"55.72, 13.21",33 sec,2022-05-12 07:47:00,[B@9a06f94
SM-G991B,SM-G780F,0,"55.72, 13.21",2:08 min,2022-05-09 10:04:00,[B@9a7c463
Galaxy S20 FE de Marie,SM-G991B,0,"- , -",1:51 min,2022-05-09 08:49:00,[B@9bea400
SM-G780F,SM-G991B,0,"- , -",29:49 min,2022-05-09 11:22:00,[B@9becf1b
Lenovo TB-X505F,SM-G991B,0,"55.72, 13.22",13 sec,2022-05-09 01:26:00,[B@9c20ca6
Lenovo TB-X505F,SM-A700H,-53,"- , -",28 sec,2022-05-09 04:18:00,[B@9c2b3bf
Lenovo TB-X505F,G8341,-78,"55.71, 13.23",13 sec,2022-05-11 11:00:00,[B@9c316cf
SM-G991BSP1A.210812.016,G8341,0,"55.71, 13.23",28 sec,2022-05-11 12:16:00,[B@9c8a193
SM-G780F,SM-G991B,0,"55.72, 13.22",13 sec,2022-05-09 09:38:00,[B@9cdc9e
SM-G991B,SM-G780F,0,"55.72, 13.21",4:07 min,2022-05-09 09:21:00,[B@9d1802a
SM-G780F,SM-G991B,0,"- , -",1:11 min,2022-05-09 09:41:00,[B@9d5670d
G834147.2.A.11.228,SM-G780F,-85,"55.72, 13.22",24 sec,2022-05-12 10:26:00,[B@9d5a536
Nokia 7.2,SM-G780F,0,"55.72, 13.21",13 sec,2022-05-09 09:35:00,[B@9de1f65
SM-G991BSP1A.210812.016,SM-G780F,0,"- , -",26 sec,2022-05-10 01:04:00,[B@9e369f9
SM-G991BSP1A.210812.016,SM-G780F,-91,"- , -",28 sec,2022-05-10 10:39:00,[B@9e3e6f3
Nokia 7.2,SM-G780F,0,"- , -",43:35 min,2022-05-09 01:16:00,[B@9ed2e0d
SM-G991B,SM-G780F,0,"55.72, 13.21",8:55 min,2022-05-09 09:34:00,[B@9edd449
SM-M315F,SM-G780F,0,"55.72, 13.22",6:09 min,2022-04-27 10:34:00,[B@9ef68c7
SM-G991BSP1A.210812.016,G8341,-80,"55.72, 13.22",37 sec,2022-05-12 10:25:00,[B@9efef78
G8341,SM-G991B,0,"55.71, 13.23",1:24 min,2022-05-09 09:38:00,[B@9f0a050
SM-G991B,SM-G780F,0,"55.72, 13.21",4:09 min,2022-05-09 09:43:00,[B@9f1bf75
Lenovo TB-X505F,G8341,-100,"55.71, 13.23",52 sec,2022-05-09 05:05:00,[B@9fcdff7
SM-G991B,SM-G991B,-62,"- , -",37 sec,2022-05-09 09:41:00,[B@a029234
G834147.2.A.11.228,SM-G780F,0,"55.72, 13.22",20:21 min,2022-05-10 10:09:00,[B@a0a844
Lenovo TB-X505F,SM-G780F,-53,"55.72, 13.22",41 sec,2022-05-12 10:11:00,[B@a0ee2e9
SM-G991BSP1A.210812.016,SM-G780F,0,"55.72, 13.22",2:11 min,2022-05-11 01:05:00,[B@a12a828
Lenovo TB-X505F,SM-G780F,-27,"55.72, 13.22",45 sec,2022-04-27 10:46:00,[B@a1d23ae
Nokia 7.2RKQ1.210607.001,SM-G780F,0,"55.72, 13.22",56:36 min,2022-05-12 02:06:00,[B@a1e968d
Galaxy S20 FE de Marie,SM-G991B,0,"- , -",23 sec,2022-05-09 11:41:00,[B@a24cfe3
Lenovo TB-X505F,SM-G780F,0,"- , -",13 sec,2022-05-09 01:08:00,[B@a2fb15a
LIO-AL00HUAWEILIO-AL00,SM-G780F,-91,"- , -",29 sec,2022-05-10 12:08:00,[B@a3115e1
Lenovo TB-X505F,G8341,-89,"55.71, 13.23",27 sec,2022-05-11 05:10:00,[B@a32def4
Lenovo TB-X505F,SM-G780F,0,"- , -",13 sec,2022-05-09 03:54:00,[B@a35496a
SM-G780F,LIO-AL00,0,"55.73, 13.21",2:10 min,error,[B@a3911c3
SM-G991B,SM-G991B,0,"- , -",57 sec,2022-05-09 09:47:00,[B@a3b81d9
Lenovo TB-X505F,SM-G780F,0,"55.72, 13.21",7:49 min,2022-05-09 09:25:00,[B@a3e62a4
G8341,SM-G780F,0,"55.72, 13.21",5:17 min,2022-05-09 11:56:00,[B@a52042f
SM-G780FSP1A.210812.016,G8341,0,"55.71, 13.23",20:19 min,2022-05-10 10:12:00,[B@a5a484b
SM-G991BSP1A.210812.016,SM-G780F,-94,"- , -",13 sec,2022-05-10 09:27:00,[B@a5a7f51
G834147.2.A.11.228,Lenovo TB-X505F,0,"- , -",20:12 min,2022-05-10 10:09:00,[B@a5e4bff
SM-G991B,SM-G780F,0,"55.72, 13.22",5:26 min,2022-05-03 01:34:00,[B@a6127e
SM-G991BSP1A.210812.016,SM-G780F,-100,"- , -",15 sec,2022-05-10 10:32:00,[B@a647750
Nokia 7.2RKQ1.210607.001,Lenovo TB-X505F,0,"- , -",38:48 min,2022-05-10 01:16:00,[B@a64be30
SM-A515F,SM-G780F,0,"55.72, 13.21",6:20 min,2022-05-09 09:27:00,[B@a65791a
Galaxy S20 FE de Marie,SM-A515F,0,"- , -",54 sec,09/mei/22 09:36,[B@a689ffe
SM-G780F,G8341,0,"55.71, 13.23",17:04 min,2022-05-09 03:45:00,[B@a70da5a
SM-G780FSP1A.210812.016,G8341,-88,"55.72, 13.22",23 sec,2022-05-12 03:08:00,[B@a76bd7a
Lenovo TB-X505F,SM-A700H,0,"55.72, 13.22",13 sec,2022-05-11 01:06:00,[B@a7acf81
Lenovo TB-X505F,SM-A700H,-81,"- , -",20 sec,2022-05-09 04:09:00,[B@a7bf946
G834147.2.A.11.228,SM-G991B,0,"- , -",14 sec,2022-05-09 08:02:00,[B@a7f8aea
SM-A700HMMB29M,SM-G780F,-57,"- , -",40 sec,2022-05-10 12:57:00,[B@a80bb01
SM-G991BSP1A.210812.016,SM-G780F,-91,"- , -",13 sec,2022-05-10 11:02:00,[B@a874390
Lenovo TB-X505F,G8341,-67,"55.71, 13.23",49 sec,2022-05-11 05:32:00,[B@ab5e40d
G8341,SM-G780F,0,"- , -",24 sec,2022-05-09 01:14:00,[B@ab99719
Nokia 7.2,SM-G780F,0,"55.72, 13.21",54:44 min,2022-05-09 11:15:00,[B@ab99d4c
LIO-AL00HUAWEILIO-AL00,SM-A700H,0,"- , -",2:00 min,2022-05-10 10:17:00,[B@aba31b4
Galaxy S20 FE de Marie,SM-G991B,0,"- , -",1:51 min,2022-05-09 09:59:00,[B@abffca3
Nokia 7.2,SM-G780F,0,"55.72, 13.22",41 sec,2022-05-03 05:43:00,[B@ac0275
Nokia 7.2,SM-G780F,0,"55.72, 13.21",26 sec,2022-05-09 09:37:00,[B@ac938e9
SM-G991BSP1A.210812.016,G8341,-62,"55.72, 13.22",23 sec,2022-05-12 10:29:00,[B@ad11c33
Galaxy S20 FE de Marie,SM-G991B,0,"- , -",4:22 min,2022-05-09 09:21:00,[B@ae55a3f
A's M31,SM-G991B,0,"55.72, 13.22",6:47 min,2022-05-09 08:55:00,[B@afb1253
SM-G991B,SM-G780F,0,"55.72, 13.21",10:28 min,2022-05-09 09:34:00,[B@afc3ba2
LIO-AL00HUAWEILIO-AL00,SM-A700H,0,"- , -",13 sec,2022-05-10 12:08:00,[B@b06c31
G8341,SM-G780F,0,"- , -",17 sec,2022-05-09 01:16:00,[B@b11c543
SM-G780FSP1A.210812.016,SM-A700H,-91,"55.72, 13.22",13 sec,2022-05-10 05:24:00,[B@b1710e9
LIO-AL00HUAWEILIO-AL00,SM-A700H,0,"- , -",2:09 min,2022-05-10 09:29:00,[B@b1985e8
Nokia 7.2,SM-G991B,0,"- , -",13 sec,2022-05-09 03:33:00,[B@b1a7e96
LIO-AL00HUAWEILIO-AL00,SM-A700H,0,"- , -",1:07 min,2022-05-10 11:12:00,[B@b1d16ed
SM-G991BSP1A.210812.016,Lenovo TB-X505F,0,"- , -",3:56 min,2022-05-11 03:29:00,[B@b1d5588
Galaxy S20 FE de Marie,SM-G991B,0,"- , -",13 sec,2022-05-09 11:56:00,[B@b1e422
Lenovo TB-X505F,SM-G780F,0,"55.72, 13.21",15:05 min,2022-05-09 09:06:00,[B@b2d3a7b
Galaxy S20 FE de Marie,SM-G991B,0,"- , -",7:20 min,2022-05-09 11:22:00,[B@b2e8cc8
Nokia 7.2,SM-G780F,0,"55.72, 13.21",1:22 min,2022-05-09 10:05:00,[B@b3127f
Nokia 7.2RKQ1.210607.001,SM-G780F,-91,"- , -",13 sec,2022-05-12 10:57:00,[B@b317b5b
Lenovo TB-X505F,SM-G780F,0,"55.72, 13.21",54:45 min,2022-05-09 11:15:00,[B@b371e4d
G8341,SM-G991B,-89,"55.72, 13.22",13 sec,2022-05-09 09:34:00,[B@b3b2fc6
Lenovo TB-X505F,G8341,-64,"55.71, 13.23",1:01 min,2022-05-11 05:31:00,[B@b4125b
LIO-AL00HUAWEILIO-AL00,SM-G780F,-95,"- , -",14 sec,2022-05-10 12:06:00,[B@b44de2a
LIO-AL00HUAWEILIO-AL00,SM-A700H,0,"- , -",5:21 min,2022-05-10 11:17:00,[B@b53561e
Lenovo TB-X505F,SM-G991B,0,"- , -",26 sec,2022-05-12 07:24:00,[B@b57f13e
Nokia 7.2RKQ1.210607.001,G8341,-92,"55.72, 13.22",25 sec,2022-05-12 10:29:00,[B@b597a2
G834147.2.A.11.228,SM-G991B,0,"- , -",15 sec,2022-05-09 08:03:00,[B@b5e4ba8
LIO-AL00HUAWEILIO-AL00,SM-A700H,0,"- , -",53 sec,2022-05-10 11:54:00,[B@b635c90
Nokia 7.2,SM-G780F,-66,"55.72, 13.21",32 sec,2022-05-09 09:36:00,[B@b64f87a
SM-G780FSP1A.210812.016,G8341,-82,"55.72, 13.22",48 sec,2022-05-12 04:01:00,[B@b66239f
G834147.2.A.11.228,SM-G991B,-48,"55.72, 13.21",19 sec,2022-05-12 10:26:00,[B@b688194
Galaxy S20 FE de Marie,SM-G991B,0,"55.71, 13.23",18 sec,2022-05-09 10:06:00,[B@b6a3d42
Lenovo TB-X505F,SM-G780F,-36,"55.72, 13.22",24 sec,2022-05-10 02:27:00,[B@b6a442c
SM-A515F,SM-G780F,0,"55.72, 13.21",25 sec,2022-05-09 09:36:00,[B@b6aa796
SM-G991BSP1A.210812.016,Lenovo TB-X505F,0,"- , -",4:22 min,2022-05-11 09:21:00,[B@b74b969
SM-G780F,SM-G991B,0,"55.72, 13.21",1:38 min,2022-05-09 01:08:00,[B@b81fdd
Lenovo TB-X505F,G8341,-75,"55.71, 13.23",55 sec,2022-05-11 11:01:00,[B@b85da42
SM-G780F,SM-G991B,0,"- , -",1:51 min,2022-05-09 11:59:00,[B@b8d804b
G8341,SM-G780F,-84,"55.72, 13.21",17 sec,2022-05-09 09:58:00,[B@b918717
SM-G991B,Lenovo TB-X505F,-61,"- , -",36 sec,2022-05-09 09:41:00,[B@b9300e2
SM-G991B,SM-G780F,0,"- , -",3:02 min,2022-05-09 03:56:00,[B@b945c3c
SM-G780FSP1A.210812.016,Lenovo TB-X505F,0,"- , -",49:42 min,2022-05-11 09:26:00,[B@b9d143b
Lenovo TB-X505F,SM-A700H,-53,"- , -",13 sec,2022-05-09 04:19:00,[B@b9da51
Nokia 7.2,SM-G780F,0,"- , -",17 sec,2022-05-09 03:34:00,[B@ba14f02
G8341,SM-G780F,0,"55.72, 13.21",1:54 min,2022-05-09 09:37:00,[B@ba35d35
G834147.2.A.11.228,SM-G991B,-85,"55.72, 13.22",25 sec,2022-05-11 01:05:00,[B@ba37d83
Lenovo TB-X505F,SM-G780F,0,"55.72, 13.21",1:19 min,2022-05-09 10:05:00,[B@bab10b4
SM-G991BSP1A.210812.016,SM-G780F,-65,"- , -",13 sec,2022-05-10 11:55:00,[B@bb40f4
SM-G991B,SM-G780F,0,"55.72, 13.21",1:10 min,2022-05-09 09:34:00,[B@bb7c3de
Nokia 7.2RKQ1.210607.001,SM-G780F,0,"55.72, 13.22",41:48 min,2022-05-12 01:23:00,[B@bc56795
SM-G780F,SM-G991B,0,"55.72, 13.22",35 sec,2022-05-09 09:43:00,[B@bc9cd4
SM-G780FSP1A.210812.016,G8341,-93,"55.71, 13.23",2:13 min,2022-05-11 01:08:00,[B@bcbef0b
Lenovo TB-X505F,SM-G780F,0,"55.72, 13.22",4:39 min,2022-05-03 01:34:00,[B@bcc73df
LIO-AL00HUAWEILIO-AL00,SM-A700H,0,"- , -",3:44 min,2022-05-10 11:44:00,[B@bdd5cd5
SM-G780F,SM-G991B,0,"- , -",3:41 min,2022-05-09 11:59:00,[B@be27767
Lenovo TB-X505F,SM-G991B,0,"55.72, 13.22",1:24:17 hours,2022-05-09 01:27:00,[B@be291a1
SM-G780F,G8341,-88,"55.71, 13.23",1:10 min,2022-05-09 10:02:00,[B@bec4fe9
SM-G780FSP1A.210812.016,G8341,-63,"55.72, 13.22",42 sec,2022-05-12 10:47:00,[B@bee9818
Lenovo TB-X505F,SM-G991B,0,"- , -",3:15 min,2022-05-11 01:28:00,[B@bf1b7a9
SM-G991BSP1A.210812.016,G8341,0,"55.71, 13.23",28 sec,2022-05-10 11:31:00,[B@bf42e8d
LIO-AL00HUAWEILIO-AL00,SM-A700H,0,"- , -",47 sec,2022-05-10 09:44:00,[B@bf8ccdb
LIO-AL00HUAWEILIO-AL00,SM-A700H,0,"- , -",6:19 min,2022-05-10 10:56:00,[B@bfeb22f
G834147.2.A.11.228,SM-G780F,-64,"55.72, 13.22",35 sec,2022-05-12 03:05:00,[B@c0383fd
Lenovo TB-X505F,SM-G991B,0,"55.72, 13.21",14 sec,2022-05-12 07:39:00,[B@c0599e8
Lenovo TB-X505F,SM-G780F,0,"- , -",1:28 min,2022-04-27 10:57:00,[B@c0f7e1f
SM-A515F,Lenovo TB-X505F,0,"- , -",11:38 min,2022-05-09 09:27:00,[B@c15170b
SM-G991B,SM-G780F,0,"55.72, 13.21",1:06 min,2022-05-09 09:37:00,[B@c15e12f
LIO-AL00HUAWEILIO-AL00,SM-A700H,0,"- , -",1:39 min,2022-05-10 11:13:00,[B@c18b56e
Lenovo TB-X505F,SM-G780F,0,"55.72, 13.22",42 sec,2022-05-03 01:31:00,[B@c22a78
Lenovo TB-X505F,SM-G780F,0,"55.72, 13.21",7:49 min,2022-05-09 09:25:00,[B@c251d37
SM-G780F,G8341,0,"55.71, 13.23",38 sec,2022-05-09 11:25:00,[B@c26cde6
Lenovo TB-X505F,SM-G780F,0,"55.72, 13.22",11:17 min,2022-05-10 02:35:00,[B@c29b0d3
G8341,SM-G991B,-49,"55.72, 13.21",49 sec,2022-05-09 01:08:00,[B@c2b254d
SM-G780F,SM-G991B,0,"- , -",13 sec,2022-05-09 12:15:00,[B@c2d2a19
SM-G780F,G8341,0,"55.71, 13.23",1:48 min,2022-05-09 01:10:00,[B@c3106a7
Lenovo TB-X505F,SM-G780F,0,"55.72, 13.22",5:28 min,2022-05-11 10:10:00,[B@c354bcb
SM-A515F,SM-G780F,0,"55.72, 13.21",6:20 min,2022-05-09 09:27:00,[B@c36ac4b
LIO-AL00HUAWEILIO-AL00,SM-A700H,0,"- , -",10:53 min,2022-05-10 09:51:00,[B@c3b5aa8
SM-G780F,SM-G991B,0,"- , -",6:35 min,2022-05-09 11:29:00,[B@c3d7f35
G834147.2.A.11.228,SM-G780F,0,"- , -",5:43 min,2022-05-11 01:50:00,[B@c3fb6a8
SM-G780FSP1A.210812.016,SM-G991B,0,"- , -",13:27 min,2022-05-11 03:33:00,[B@c40ae58
SM-G991B,SM-G780F,0,"- , -",3:05 min,2022-05-03 01:29:00,[B@c42095c
SM-G780F,SM-G991B,0,"- , -",13 sec,2022-05-09 12:01:00,[B@c4846dd
SM-G991B,SM-G780F,0,"- , -",1:26 min,2022-05-09 01:15:00,[B@c4e95f5
Nokia 7.2RKQ1.210607.001,SM-G780F,0,"55.72, 13.22",23 sec,2022-05-12 03:51:00,[B@c595f31
SM-G780F,SM-G991B,0,"55.72, 13.21",2:28 min,2022-05-09 01:02:00,[B@c59f723
Nokia 7.2RKQ1.210607.001,SM-G780F,0,"55.72, 13.22",0 sec,2022-05-12 03:52:00,[B@c5a7ede
Nokia 7.2,SM-G780F,0,"55.72, 13.22",4:12 min,2022-04-27 06:00:00,[B@c5d3b66
SM-G780FSP1A.210812.016,G8341,-84,"55.71, 13.23",46 sec,2022-05-11 01:53:00,[B@c5dd438
Nokia 7.2RKQ1.210607.001,SM-G780F,0,"- , -",10:58 min,2022-05-12 03:40:00,[B@c6100e0
SM-G780FSP1A.210812.016,Lenovo TB-X505F,-40,"- , -",1:40 min,2022-05-10 02:10:00,[B@c65dded
Lenovo TB-X505F,G8341,-88,"55.71, 13.23",13 sec,2022-05-11 05:26:00,[B@c66bcc6
SM-G991B,SM-A700H,-69,"- , -",2:22 min,2022-05-09 04:07:00,[B@c675f7a
SM-G991BSP1A.210812.016,SM-G780F,-80,"- , -",14 sec,2022-05-10 11:45:00,[B@c6d00c4
SM-G991BSP1A.210812.016,Lenovo TB-X505F,0,"55.72, 13.22",13 sec,2022-05-11 03:55:00,[B@c797e7d
G834147.2.A.11.228,SM-G991B,0,"- , -",1:16:03 hours,2022-05-09 08:31:00,[B@c8664b
SM-A700HMMB29M,LIO-AL00,0,"55.72, 13.22",4:45:40 hours,error,[B@c8723c7
LIO-AL00HUAWEILIO-AL00,SM-A700H,0,"- , -",1:37 min,2022-05-10 11:32:00,[B@c8e14d7
SM-A515F,SM-G780F,0,"55.72, 13.21",4:55 min,2022-05-09 08:59:00,[B@c90c09c
SM-G780FSP1A.210812.016,Lenovo TB-X505F,0,"- , -",14:15 min,2022-05-12 02:21:00,[B@c997a11
Nokia 7.2,SM-G780F,0,"55.72, 13.21",5:39 min,2022-05-09 01:08:00,[B@c99fafb
SM-G780FSP1A.210812.016,G8341,-83,"55.72, 13.22",27 sec,2022-05-12 03:08:00,[B@ca673e9
Nokia 7.2RKQ1.210607.001,SM-G991B,-65,"- , -",36 sec,2022-05-11 03:58:00,[B@ca7bd23
Nokia 7.2RKQ1.210607.001,G8341,0,"55.71, 13.23",40 sec,2022-05-11 01:58:00,[B@ca94141
SM-G991B,SM-G780F,0,"55.72, 13.21",10:25 min,2022-05-09 09:35:00,[B@cae36d
SM-G991BSP1A.210812.016,SM-A700H,0,"- , -",2:08 min,2022-05-10 12:11:00,[B@cbb89c6
LIO-AL00HUAWEILIO-AL00,SM-A700H,0,"- , -",3:43 min,2022-05-10 10:52:00,[B@cbb8e0d
SM-G780F,SM-G991B,0,"- , -",45 sec,2022-05-09 11:41:00,[B@cbda818
SM-G991B,SM-G780F,0,"- , -",2:28 min,2022-05-09 01:02:00,[B@cbe53d5
Nokia 7.2RKQ1.210607.001,SM-G991B,-60,"- , -",13 sec,2022-05-11 03:58:00,[B@cc09fd
G834147.2.A.11.228,SM-G991B,0,"55.72, 13.22",13 sec,2022-05-11 11:08:00,[B@cc41783
Nokia 7.2RKQ1.210607.001,SM-G780F,0,"- , -",58 sec,2022-05-12 03:39:00,[B@cc61a06
SM-G780F,SM-G991B,0,"- , -",20 sec,2022-05-09 12:14:00,[B@cc67b55
LIO-AL00HUAWEILIO-AL00,SM-G780F,-95,"- , -",15 sec,2022-05-10 12:07:00,[B@cc6b98a
G834147.2.A.11.228,SM-G991B,0,"- , -",47 sec,2022-05-11 10:52:00,[B@ccaf1dd
SM-G780F,G8341,0,"55.71, 13.23",1:04 min,2022-05-09 02:03:00,[B@ccbba8
Lenovo TB-X505F,G8341,-88,"55.71, 13.23",15 sec,2022-05-11 05:26:00,[B@cce314c
Lenovo TB-X505F,SM-G991B,0,"55.72, 13.21",15:08 min,2022-05-09 01:09:00,[B@cd7c17
SM-G991B,G8341,0,"55.71, 13.23",12:24 min,2022-05-09 03:59:00,[B@cdd3f57
SM-G780FSP1A.210812.016,G8341,0,"55.72, 13.22",18 sec,2022-05-12 10:29:00,[B@cdd5569
SM-G991BSP1A.210812.016,SM-G780F,-61,"- , -",1:12 min,2022-05-10 09:27:00,[B@cdebac4
SM-G780F,G8341,0,"55.71, 13.23",7:49 min,2022-05-09 02:55:00,[B@ce2ce72
SM-G991BSP1A.210812.016,G8341,0,"55.71, 13.23",3:25 min,2022-05-10 10:34:00,[B@ce8397e
Nokia 7.2RKQ1.210607.001,SM-G780F,-91,"55.72, 13.22",1:05 min,2022-05-12 10:53:00,[B@ceacdb6
Lenovo TB-X505F,SM-G780F,0,"- , -",13 sec,2022-05-09 03:53:00,[B@ced69e6
SM-G991B,G8341,0,"55.71, 13.23",55 sec,2022-05-09 05:05:00,[B@cf2ce64
SM-G780FSP1A.210812.016,Lenovo TB-X505F,0,"- , -",11:19 min,2022-05-12 03:06:00,[B@cf5499c
SM-G780FSP1A.210812.016,G8341,-86,"55.72, 13.22",56 sec,2022-05-12 10:14:00,[B@cf76e39
Lenovo TB-X505F,SM-G780F,0,"55.72, 13.21",2:18 min,2022-05-09 10:02:00,[B@cf9bed0
SM-A715F,SM-M315F,0,"- , -",6:14 min,2022-05-09 07:51:00,[B@cfffadd
G834147.2.A.11.228,SM-G991B,-71,"55.72, 13.22",26 sec,2022-05-11 01:07:00,[B@d023229
SM-G991B,G8341,0,"55.71, 13.23",34 sec,2022-05-09 03:34:00,[B@d03d1ff
LIO-AL00HUAWEILIO-AL00,SM-A700H,0,"- , -",7:10 min,2022-05-10 11:47:00,[B@d06cab7
Lenovo TB-X505F,G8341,-70,"55.71, 13.23",58 sec,2022-05-11 01:10:00,[B@d0c0518
Nokia 7.2RKQ1.210607.001,SM-G780F,0,"- , -",0 sec,2022-05-12 03:40:00,[B@d0ea08d
SM-G991BSP1A.210812.016,SM-G780F,-58,"- , -",1:15 min,2022-05-10 11:15:00,[B@d108d7f
SM-G991BSP1A.210812.016,G8341,0,"55.71, 13.23",20 sec,2022-05-10 10:11:00,[B@d10e754
SM-G991BSP1A.210812.016,Lenovo TB-X505F,0,"55.72, 13.22",13 sec,2022-05-11 03:55:00,[B@d1109b3
SM-G991BSP1A.210812.016,SM-G780F,0,"55.72, 13.22",3:26 min,2022-05-11 03:29:00,[B@d132560
Lenovo TB-X505F,SM-G780F,0,"- , -",10:58 min,2022-05-12 03:40:00,[B@d1cf99
Lenovo TB-X505F,SM-A700H,-76,"- , -",23 sec,2022-05-09 04:15:00,[B@d23cf71
Lenovo TB-X505F,SM-G991B,-41,"55.72, 13.21",1:06 min,2022-05-12 07:30:00,[B@d261770
SM-G991BSP1A.210812.016,G8341,-78,"55.71, 13.23",1:33 min,2022-05-11 09:29:00,[B@d2e3f3d
Nokia 7.2RKQ1.210607.001,SM-G780F,0,"55.72, 13.21",28:02 min,2022-05-09 04:53:00,[B@d3d6f85
Nokia 7.2,G8341,0,"55.71, 13.23",5:19 min,2022-05-09 11:59:00,[B@d426879
SM-G991B,SM-G780F,0,"55.72, 13.21",23 sec,2022-05-09 09:43:00,[B@d4642d1
SM-G991BSP1A.210812.016,SM-G780F,-96,"- , -",1:17 min,2022-05-10 09:24:00,[B@d5501a2
Nokia 7.2RKQ1.210607.001,SM-G991B,-60,"- , -",13 sec,2022-05-11 03:35:00,[B@d5f5381
Nokia 7.2,SM-G780F,0,"55.72, 13.22",2:12 min,2022-04-27 05:56:00,[B@d640187
SM-G991BSP1A.210812.016,SM-G780F,-84,"- , -",14 sec,2022-05-10 11:51:00,[B@d75597
SM-G991BSP1A.210812.016,SM-G780F,0,"- , -",13 sec,2022-05-10 10:29:00,[B@d78d6d2
Nokia 7.2,SM-G991B,0,"- , -",15 sec,2022-05-09 03:34:00,[B@d7cdb38
Nokia 7.2,SM-G780F,0,"55.73, 13.20",6:02 min,2022-05-06 09:53:00,[B@d7fd335
G834147.2.A.11.228,SM-G780F,0,"55.72, 13.22",33 sec,2022-05-12 10:34:00,[B@d8527
Lenovo TB-X505F,SM-G991B,0,"- , -",1:16 min,2022-05-11 01:31:00,[B@d899a6f
SM-G780F,Lenovo TB-X505F,0,"- , -",8:03 min,2022-05-09 09:25:00,[B@d90b296
SM-G991BSP1A.210812.016,SM-G780F,0,"- , -",27 sec,2022-05-10 09:37:00,[B@d96ac20
Nokia 7.2,SM-G991B,0,"55.72, 13.22",25 sec,2022-05-09 03:05:00,[B@d995ef2
Lenovo TB-X505F,SM-G780F,0,"55.72, 13.21",23:22 min,2022-05-09 09:38:00,[B@d99c5c7
Lenovo TB-X505F,SM-G780F,-45,"- , -",22 sec,2022-04-27 11:02:00,[B@d9de037
SM-G991BSP1A.210812.016,G8341,0,"55.71, 13.23",28:56 min,2022-05-10 09:40:00,[B@d9e58eb
SM-G991B,SM-A700H,-14,"- , -",1:50 min,2022-05-09 04:12:00,[B@d9f3883
SM-G991BSP1A.210812.016,G8341,0,"55.71, 13.23",41 sec,2022-05-10 12:01:00,[B@d9f961a
Lenovo TB-X505F,SM-G991B,0,"- , -",10:34 min,2022-05-12 07:11:00,[B@da6c2d0
Nokia 7.2RKQ1.210607.001,SM-G780F,0,"55.72, 13.22",36 sec,2022-05-12 10:51:00,[B@db0377
Lenovo TB-X505F,SM-G991B,-79,"55.72, 13.21",43 sec,2022-05-12 08:00:00,[B@db251a7
SM-G991B,SM-A700H,-54,"- , -",1:58 min,2022-05-09 04:10:00,[B@db3ff6
Lenovo TB-X505F,SM-G991B,-52,"- , -",45 sec,2022-05-11 01:20:00,[B@db546dc
SM-G991B,SM-G780F,0,"55.72, 13.21",12:36 min,2022-05-09 09:35:00,[B@dc25b0a
Nokia 7.2,SM-G780F,0,"55.72, 13.21",13 sec,2022-05-09 09:37:00,[B@dc40a90
SM-G991B,SM-G780F,0,"55.72, 13.22",2:51 min,2022-04-27 10:38:00,[B@dc66ef4
SM-G991BSP1A.210812.016,G8341,0,"55.71, 13.23",29 sec,2022-05-11 11:12:00,[B@dcf5dac
Nokia 7.2RKQ1.210607.001,G8341,0,"55.71, 13.23",20:18 min,2022-05-10 10:12:00,[B@de071d3
SM-G780F,SM-A700H,-96,"- , -",16 sec,2022-05-10 08:43:00,[B@de1bde9
G8341,SM-G991B,0,"- , -",10:1:56 hours,2022-05-09 09:42:00,[B@de30640
Lenovo TB-X505F,SM-G991B,0,"- , -",52 sec,2022-05-11 01:33:00,[B@de7a1d1
SM-G780FSP1A.210812.016,Lenovo TB-X505F,0,"- , -",1:55:45 hours,2022-05-10 10:08:00,[B@de87c00
Nokia 7.2RKQ1.210607.001,SM-G780F,-94,"55.72, 13.22",13 sec,2022-05-12 10:36:00,[B@deb9e89
Nokia 7.2,SM-G780F,-29,"55.72, 13.21",15 sec,2022-05-09 04:05:00,[B@dedb5bf
SM-G780F,SM-G991B,0,"- , -",1:46 min,2022-05-09 02:00:00,[B@df49d8
SM-G780F,G8341,0,"55.71, 13.23",49:15 min,2022-05-09 01:17:00,[B@dfa30f0
SM-G780F,G8341,0,"55.72, 13.22",5:10 min,2022-05-09 11:59:00,[B@dfc4d27
SM-G991B,G8341,0,"55.71, 13.23",1:25 min,2022-05-09 08:35:00,[B@dff195e
SM-G780FSP1A.210812.016,SM-A700H,-90,"55.72, 13.22",13 sec,2022-05-10 05:23:00,[B@e01b517
Lenovo TB-X505F,SM-G780F,0,"- , -",1:57 min,2022-05-09 01:14:00,[B@e03cc32
SM-G991B,SM-A700H,-70,"- , -",35 sec,2022-05-09 01:07:00,[B@e0984a9
SM-G991BSP1A.210812.016,SM-G780F,-83,"55.72, 13.22",12 sec,2022-05-10 11:46:00,[B@e09c07f
Lenovo TB-X505F,SM-G991B,-64,"- , -",50 sec,2022-05-11 06:15:00,[B@e0d2353
Nokia 7.2RKQ1.210607.001,SM-G780F,-91,"- , -",14 sec,2022-05-12 10:56:00,[B@e0d6961
LIO-AL00HUAWEILIO-AL00,SM-A700H,0,"- , -",14 sec,2022-05-10 09:34:00,[B@e0e507e
SM-G991B,SM-G780F,0,"55.72, 13.21",25 sec,2022-05-09 09:45:00,[B@e10db1b
Nokia 7.2,SM-G780F,0,"55.72, 13.22",8:12 min,2022-04-27 05:42:00,[B@e178cd2
SM-G780FSP1A.210812.016,G8341,-86,"55.71, 13.23",14 sec,2022-05-11 01:55:00,[B@e17ce98
SM-G991BSP1A.210812.016,G8341,0,"55.71, 13.23",2:18 min,2022-05-11 06:13:00,[B@e1917eb
SM-G780F,SM-A515F,0,"55.72, 13.22",6:27 min,09/mei/22 09:27,[B@e288092
SM-G780FSP1A.210812.016,G8341,-86,"55.71, 13.23",32 sec,2022-05-11 01:55:00,[B@e2dc403
Nokia 7.2RKQ1.210607.001,SM-G780F,0,"55.72, 13.22",2:20 min,2022-05-11 03:32:00,[B@e322df7
A's M31,SM-G991B,-15,"55.72, 13.22",30 sec,2022-05-09 09:07:00,[B@e3301dc
Lenovo TB-X505F,SM-G780F,0,"- , -",0 sec,2022-05-12 03:40:00,[B@e338242
Nokia 7.2,SM-G991B,0,"- , -",13 sec,2022-05-09 12:07:00,[B@e33a9f1
G8341,SM-G991B,-58,"55.72, 13.21",23 sec,2022-05-09 01:09:00,[B@e3c5f5f
Nokia 7.2,SM-G780F,-96,"55.72, 13.21",13 sec,2022-05-09 09:35:00,[B@e42543a
SM-G780F,Lenovo TB-X505F,0,"- , -",1:21 min,2022-05-09 10:05:00,[B@e4483e4
LIO-AL00HUAWEILIO-AL00,SM-G780F,0,"- , -",30 sec,2022-05-10 12:32:00,[B@e4963d2
Lenovo TB-X505F,G8341,-68,"55.71, 13.23",17 sec,2022-05-11 05:33:00,[B@e52960e
Lenovo TB-X505F,SM-G780F,0,"- , -",18 sec,2022-05-09 03:35:00,[B@e5d4dd6
Nokia 7.2,SM-G780F,0,"55.72, 13.22",10:13 min,2022-05-03 02:25:00,[B@e64b459
Lenovo TB-X505F,SM-G780F,0,"55.72, 13.22",0 sec,2022-05-12 03:52:00,[B@e665960
SM-G991BSP1A.210812.016,SM-G780F,0,"- , -",13 sec,2022-05-10 01:03:00,[B@e6df93
Lenovo TB-X505F,G8341,-78,"55.71, 13.23",13 sec,2022-05-11 11:00:00,[B@e760756
SM-G780FSP1A.210812.016,SM-G991B,0,"55.72, 13.21",11:41 min,2022-05-12 10:22:00,[B@e790954
G834147.2.A.11.228,SM-G780F,0,"55.72, 13.22",33 sec,2022-05-12 03:58:00,[B@e7e38a1
Lenovo TB-X505F,SM-G991B,0,"55.72, 13.21",1:17 min,2022-05-12 07:52:00,[B@e86654b
SM-G991B,SM-G780F,0,"- , -",1:53 min,2022-05-09 08:49:00,[B@e88ca02
Lenovo TB-X505F,G8341,-76,"55.71, 13.23",18 sec,2022-05-11 11:02:00,[B@e88ff54
SM-G991BSP1A.210812.016,SM-G780F,0,"- , -",13 sec,2022-05-10 09:52:00,[B@e892924
SM-G991B,SM-G780F,0,"55.72, 13.22",22:00 min,2022-04-27 11:23:00,[B@e9059b7
SM-G780F,SM-G991B,0,"- , -",5:07 min,2022-05-09 11:38:00,[B@e93a492
SM-G991BSP1A.210812.016,Lenovo TB-X505F,0,"55.72, 13.22",29 sec,2022-05-11 03:56:00,[B@e97a888
SM-G780F,SM-G991B,0,"- , -",34 sec,2022-05-09 01:14:00,[B@e9a6234
SM-A700H,G8341,-88,"55.71, 13.23",27 sec,2022-05-09 01:10:00,[B@ea64718
Galaxy S20 FE de Marie,SM-G991B,0,"55.72, 13.22",13 sec,2022-05-09 09:42:00,[B@eab07b9
LIO-AL00HUAWEILIO-AL00,SM-A700H,0,"- , -",2:55 min,2022-05-10 09:48:00,[B@eaf828e
SM-G991BSP1A.210812.016,SM-G780F,-58,"- , -",13 sec,2022-05-10 11:17:00,[B@eb782b
Nokia 7.2RKQ1.210607.001,SM-G991B,0,"- , -",1:43 min,2022-05-11 06:13:00,[B@ebdc301
SM-G780FSP1A.210812.016,Lenovo TB-X505F,-35,"55.72, 13.22",33 sec,2022-05-11 03:30:00,[B@ec0d3b1
Nokia 7.2,SM-G780F,-30,"- , -",36 sec,2022-05-06 10:10:00,[B@ec279de
SM-G991B,SM-G991B,-48,"- , -",36 sec,2022-05-09 09:41:00,[B@ec8ce46
SM-G991BSP1A.210812.016,G8341,-58,"55.72, 13.22",41 sec,2022-05-12 10:37:00,[B@ec8f1fe
Nokia 7.2RKQ1.210607.001,SM-G780F,0,"55.72, 13.22",1:55:49 hours,2022-05-10 10:08:00,[B@ed45768
SM-M315F,SM-G780F,0,"55.72, 13.22",3:47 min,2022-05-03 01:35:00,[B@ed5782c
Nokia 7.2,SM-G780F,0,"55.72, 13.22",18 sec,2022-05-03 01:34:00,[B@ed924ab
Lenovo TB-X505F,G8341,-80,"55.71, 13.23",39 sec,2022-05-11 10:57:00,[B@edc9ded
G834147.2.A.11.228,SM-G780F,-97,"- , -",28 sec,2022-05-10 09:52:00,[B@ee05dc9
Lenovo TB-X505F,SM-G991B,-42,"55.72, 13.22",2:43 min,2022-05-11 03:29:00,[B@ee1c912
Lenovo TB-X505F,SM-G991B,0,"55.72, 13.22",14:12 min,2022-05-11 04:01:00,[B@eea6b9e
Galaxy S20 FE de Marie,SM-G991B,0,"- , -",42 sec,2022-05-09 12:01:00,[B@efa09c9
Galaxy S20 FE de Marie,Lenovo TB-X505F,0,"- , -",25:49 min,2022-05-09 09:38:00,[B@f06ab
Lenovo TB-X505F,SM-G780F,0,"55.72, 13.22",0 sec,2022-05-12 03:52:00,[B@f097184
LIO-AL00,SM-G780F,0,"- , -",15 sec,2022-05-09 12:14:00,[B@f0e3d3f
G8341,SM-G780F,0,"55.72, 13.21",34 sec,2022-05-09 09:34:00,[B@f1ace81
Lenovo TB-X505F,G8341,-73,"55.71, 13.23",17 sec,2022-05-11 11:03:00,[B@f1bf34a
G834147.2.A.11.228,SM-G780F,-64,"- , -",13 sec,2022-05-12 03:31:00,[B@f1c252e
Lenovo TB-X505F,G8341,-79,"55.71, 13.23",33 sec,2022-05-11 10:58:00,[B@f1c2dce
SM-G991BSP1A.210812.016,G8341,0,"55.71, 13.23",30:36 min,2022-05-11 06:23:00,[B@f1dbfa2
Nokia 7.2RKQ1.210607.001,SM-G780F,0,"55.72, 13.22",26 sec,2022-05-12 10:50:00,[B@f1e6f95
SM-G780F,SM-G991B,0,"- , -",2:31 min,2022-05-09 11:29:00,[B@f25d556
SM-G780FSP1A.210812.016,G8341,-82,"55.71, 13.23",20 sec,2022-05-11 01:58:00,[B@f38c6e6
LIO-AL00HUAWEILIO-AL00,SM-A700H,0,"- , -",19 sec,2022-05-10 12:08:00,[B@f3b01ec
Nokia 7.2,SM-G780F,0,"55.72, 13.22",3:40 min,2022-04-27 06:12:00,[B@f46c526
SM-G780FSP1A.210812.016,Lenovo TB-X505F,-39,"- , -",1:12 min,2022-05-11 03:29:00,[B@f4949d4
SM-G780F,SM-G991B,0,"- , -",1:49 min,2022-05-09 11:59:00,[B@f4d0621
SM-G780F,SM-G991B,0,"- , -",12:03 min,2022-05-09 11:22:00,[B@f54f66
SM-G780F,SM-G991B,0,"- , -",13 sec,2022-05-09 12:04:00,[B@f5885a8
Galaxy S20 FE de Marie,SM-G991B,0,"55.72, 13.22",42 sec,2022-05-09 09:41:00,[B@f63b352
Nokia 7.2RKQ1.210607.001,SM-G991B,0,"55.72, 13.21",11:45 min,2022-05-12 10:22:00,[B@f74cd9f
SM-G780FSP1A.210812.016,Lenovo TB-X505F,0,"- , -",41:01 min,2022-05-12 02:17:00,[B@f75f3c2
Lenovo TB-X505F,SM-G991B,0,"- , -",14 sec,2022-05-12 07:25:00,[B@f7682bb
SM-G780F,SM-G991B,0,"- , -",1:00 min,2022-05-09 11:59:00,[B@f78f27b
Lenovo TB-X505F,SM-G991B,-87,"- , -",20 sec,2022-05-11 06:07:00,[B@f794d2a
SM-A515F,SM-G780F,0,"55.72, 13.21",25 sec,2022-05-09 09:36:00,[B@f7d3f17
A's M31,SM-G780F,0,"55.72, 13.21",2:28 min,2022-05-09 09:02:00,[B@f7e31b9
Lenovo TB-X505F,G8341,-70,"55.71, 13.23",13 sec,2022-05-11 11:04:00,[B@f817308
Nokia 7.2RKQ1.210607.001,SM-G991B,0,"55.72, 13.22",4:28 min,2022-05-11 09:21:00,[B@f82728b
SM-G991B,SM-G780F,0,"55.72, 13.21",1:36 min,2022-05-09 09:41:00,[B@f8eddf8
SM-G991BSP1A.210812.016,SM-G780F,-92,"- , -",37 sec,2022-05-10 10:33:00,[B@f930ef1
SM-G780F,SM-G991B,0,"- , -",19:54 min,2022-05-09 11:35:00,[B@f966c9c
LIO-AL00HUAWEILIO-AL00,SM-A700H,0,"- , -",1:13 min,2022-05-10 12:09:00,[B@f98ff33
Nokia 7.2RKQ1.210607.001,Lenovo TB-X505F,0,"- , -",1:20:18 hours,2022-05-11 09:01:00,[B@f99c446
SM-G780FSP1A.210812.016,Lenovo TB-X505F,0,"55.72, 13.22",14:04 min,2022-05-11 11:43:00,[B@f9f4605
SM-G991BSP1A.210812.016,G8341,0,"55.71, 13.23",25:35 min,2022-05-11 05:44:00,[B@fa8ab00
Lenovo TB-X505F,SM-G780F,0,"55.72, 13.21",31 sec,2022-05-09 02:01:00,[B@fa8c86
LIO-AL00HUAWEILIO-AL00,SM-A700H,0,"- , -",37 sec,2022-05-10 11:04:00,[B@fb9147d
Galaxy S20 FE de Marie,Lenovo TB-X505F,0,"- , -",47 sec,2022-05-09 09:37:00,[B@fc09982
SM-G991BSP1A.210812.016,SM-G780F,-90,"- , -",1:14 min,2022-05-10 09:22:00,[B@fc3602e
Lenovo TB-X505F,SM-G991B,-51,"55.72, 13.22",13 sec,2022-05-09 09:42:00,[B@fcaaa26
Nokia 7.2RKQ1.210607.001,Lenovo TB-X505F,0,"- , -",3:40:12 hours,2022-05-10 08:56:00,[B@fcff86f
G8341,SM-G780F,0,"55.72, 13.21",49 sec,2022-05-09 10:01:00,[B@fd3791d
Lenovo TB-X505F,G8341,-83,"55.71, 13.23",21 sec,2022-05-11 10:58:00,[B@fd4012b
Nokia 7.2RKQ1.210607.001,SM-G780F,0,"55.72, 13.22",35 sec,2022-05-12 03:52:00,[B@fdd33e1
G834147.2.A.11.228,SM-G780F,-51,"- , -",49 sec,2022-05-11 01:04:00,[B@fdd6c64
Lenovo TB-X505F,SM-A700H,-74,"- , -",25 sec,2022-05-09 04:14:00,[B@fe2e62c
SM-G991B,SM-G780F,0,"55.72, 13.21",8:45 min,2022-05-09 09:34:00,[B@fec6a50
SM-G991B,SM-G780F,0,"- , -",40 sec,2022-05-09 01:07:00,[B@feede36
SM-G991BSP1A.210812.016,SM-G780F,0,"- , -",1:40 min,2022-05-10 09:32:00,[B@feededc
G8341,SM-A700H,-98,"- , -",15 sec,2022-05-09 01:07:00,[B@fef47da
LIO-AL00HUAWEILIO-AL00,SM-A700H,0,"- , -",3:46 min,2022-05-10 10:43:00,[B@ff54a62
G8341,SM-G991B,0,"- , -",6:11 min,2022-05-09 11:04:00,[B@ffdbd0d
